-- phpMyAdmin SQL Dump
-- version 5.1.0
-- https://www.phpmyadmin.net/
--
-- Host: 127.0.0.1
-- Generation Time: Jul 23, 2021 at 12:27 PM
-- Server version: 10.4.19-MariaDB
-- PHP Version: 7.3.28

SET SQL_MODE = "NO_AUTO_VALUE_ON_ZERO";
START TRANSACTION;
SET time_zone = "+00:00";


/*!40101 SET @OLD_CHARACTER_SET_CLIENT=@@CHARACTER_SET_CLIENT */;
/*!40101 SET @OLD_CHARACTER_SET_RESULTS=@@CHARACTER_SET_RESULTS */;
/*!40101 SET @OLD_COLLATION_CONNECTION=@@COLLATION_CONNECTION */;
/*!40101 SET NAMES utf8mb4 */;

--
-- Database: `contactlist`
--

-- --------------------------------------------------------

--
-- Table structure for table `abnormality_type`
--

CREATE TABLE `abnormality_type` (
  `id` int(11) NOT NULL,
  `kode_type` varchar(150) NOT NULL,
  `nama_type` varchar(150) NOT NULL,
  `status` varchar(1) NOT NULL
) ENGINE=InnoDB DEFAULT CHARSET=utf8mb4;

--
-- Dumping data for table `abnormality_type`
--

INSERT INTO `abnormality_type` (`id`, `kode_type`, `nama_type`, `status`) VALUES
(1, 'AT-001', 'Mold', '1'),
(2, 'AT-002', 'Machine And Tools', '1');

-- --------------------------------------------------------

--
-- Table structure for table `defect_list`
--

CREATE TABLE `defect_list` (
  `id` int(11) NOT NULL,
  `kode_defect` varchar(150) NOT NULL,
  `nama_defect` varchar(150) NOT NULL,
  `status` varchar(1) NOT NULL
) ENGINE=InnoDB DEFAULT CHARSET=latin1;

--
-- Dumping data for table `defect_list`
--

INSERT INTO `defect_list` (`id`, `kode_defect`, `nama_defect`, `status`) VALUES
(1, 'DFC-001', 'Breakage', '1'),
(2, 'DFC-002', 'Bubble', '1'),
(3, 'DFC-003', 'Burning', '1'),
(4, 'DFC-004', 'Excessive', '1'),
(5, 'DFC-005', 'Flash', '1'),
(6, 'DFC-006', 'Flowmark', '1'),
(7, 'DFC-007', 'Missing Date Clock', '1'),
(8, 'DFC-008', 'Short Shot', '1'),
(9, 'DFC-009', 'Silver', '1'),
(10, 'DFC-010', 'Undercut', '1'),
(11, 'DFC-011', 'Weld Line', '1');

-- --------------------------------------------------------

--
-- Table structure for table `karyawan`
--

CREATE TABLE `karyawan` (
  `id` int(11) NOT NULL,
  `NIK` varchar(6) COLLATE utf8_unicode_ci NOT NULL,
  `nama` varchar(150) COLLATE utf8_unicode_ci DEFAULT NULL,
  `dept` varchar(11) COLLATE utf8_unicode_ci DEFAULT NULL,
  `section` varchar(11) COLLATE utf8_unicode_ci DEFAULT NULL,
  `jabatan` varchar(11) COLLATE utf8_unicode_ci DEFAULT NULL,
  `kategori_karyawan` varchar(11) COLLATE utf8_unicode_ci DEFAULT NULL,
  `kategori` varchar(11) COLLATE utf8_unicode_ci DEFAULT NULL,
  `status` varchar(11) COLLATE utf8_unicode_ci DEFAULT NULL,
  `tgl_masuk_1` date DEFAULT NULL,
  `tgl_kontrak_1` date DEFAULT NULL,
  `tgl_kontrak_2` date DEFAULT NULL,
  `tgl_masuk_2` date DEFAULT NULL,
  `tgl_kontrak_3` date DEFAULT NULL,
  `tgl_kontrak_4` date DEFAULT NULL,
  `tgl_tetap` date DEFAULT NULL
) ENGINE=InnoDB DEFAULT CHARSET=utf8 COLLATE=utf8_unicode_ci;

--
-- Dumping data for table `karyawan`
--

INSERT INTO `karyawan` (`id`, `NIK`, `nama`, `dept`, `section`, `jabatan`, `kategori_karyawan`, `kategori`, `status`, `tgl_masuk_1`, `tgl_kontrak_1`, `tgl_kontrak_2`, `tgl_masuk_2`, `tgl_kontrak_3`, `tgl_kontrak_4`, `tgl_tetap`) VALUES
(1, '0001', 'YUDI EFFENDI', NULL, NULL, NULL, NULL, NULL, '1', NULL, NULL, NULL, NULL, NULL, NULL, NULL),
(2, '0003', 'ADIT KUAT SAPUTRO', NULL, NULL, NULL, NULL, NULL, '1', NULL, NULL, NULL, NULL, NULL, NULL, NULL),
(3, '0004', 'WAHYU JATMIKO', NULL, NULL, NULL, NULL, NULL, '1', NULL, NULL, NULL, NULL, NULL, NULL, NULL),
(4, '0005', 'HARITS YOESOEF PRATAMA', NULL, NULL, NULL, NULL, NULL, '1', NULL, NULL, NULL, NULL, NULL, NULL, NULL),
(5, '0006', 'ADNAN KHASOGI', NULL, NULL, NULL, NULL, NULL, '1', NULL, NULL, NULL, NULL, NULL, NULL, NULL),
(6, '0008', 'EDDY SUYATNO', NULL, NULL, NULL, NULL, NULL, '1', NULL, NULL, NULL, NULL, NULL, NULL, NULL),
(7, '0009', 'JOKO PRASETYO UTOMO', NULL, NULL, NULL, NULL, NULL, '1', NULL, NULL, NULL, NULL, NULL, NULL, NULL),
(8, '0011', 'NANANG YULIATMOKO', NULL, NULL, NULL, NULL, NULL, '1', NULL, NULL, NULL, NULL, NULL, NULL, NULL),
(9, '0012', 'SULISTIYANTO', NULL, NULL, NULL, NULL, NULL, '1', NULL, NULL, NULL, NULL, NULL, NULL, NULL),
(10, '0013', 'AGUS SETIANTO', NULL, NULL, NULL, NULL, NULL, '1', NULL, NULL, NULL, NULL, NULL, NULL, NULL),
(11, '0014', 'EDI SALURIYANTO', NULL, NULL, NULL, NULL, NULL, '1', NULL, NULL, NULL, NULL, NULL, NULL, NULL),
(12, '0016', 'JUMARI', NULL, NULL, NULL, NULL, NULL, '1', NULL, NULL, NULL, NULL, NULL, NULL, NULL),
(13, '0020', 'SARI WIDYA PANGESTIKA', NULL, NULL, NULL, NULL, NULL, '1', NULL, NULL, NULL, NULL, NULL, NULL, NULL),
(14, '0021', 'ARIF MUHAMMAD SAFI`I', NULL, NULL, NULL, NULL, NULL, '1', NULL, NULL, NULL, NULL, NULL, NULL, NULL),
(15, '0031', 'WINDA WIDIA', NULL, NULL, NULL, NULL, NULL, '1', NULL, NULL, NULL, NULL, NULL, NULL, NULL),
(16, '0033', 'FAJAR SYA`BANI', NULL, NULL, NULL, NULL, NULL, '1', NULL, NULL, NULL, NULL, NULL, NULL, NULL),
(17, '0038', 'NURUL HALIMAH', NULL, NULL, NULL, NULL, NULL, '1', NULL, NULL, NULL, NULL, NULL, NULL, NULL),
(18, '0039', 'TIA AMELIA', NULL, NULL, NULL, NULL, NULL, '1', NULL, NULL, NULL, NULL, NULL, NULL, NULL),
(19, '0040', 'ADE RYAN WAHYUNI', NULL, NULL, NULL, NULL, NULL, '1', NULL, NULL, NULL, NULL, NULL, NULL, NULL),
(20, '0041', 'TRI WAHYU WIDIANTORO', NULL, NULL, NULL, NULL, NULL, '1', NULL, NULL, NULL, NULL, NULL, NULL, NULL),
(21, '0045', 'NATASYA RIZKYVALIA PUTRI', NULL, NULL, NULL, NULL, NULL, '1', NULL, NULL, NULL, NULL, NULL, NULL, NULL),
(22, '0047', 'MARYUTI', NULL, NULL, NULL, NULL, NULL, '1', NULL, NULL, NULL, NULL, NULL, NULL, NULL),
(23, '0059', 'NENG SOLIHAT', NULL, NULL, NULL, NULL, NULL, '1', NULL, NULL, NULL, NULL, NULL, NULL, NULL),
(24, '0065', 'SUPRIYANTO', NULL, NULL, NULL, NULL, NULL, '1', NULL, NULL, NULL, NULL, NULL, NULL, NULL),
(25, '0066', 'ILAH JAMILAH', NULL, NULL, NULL, NULL, NULL, '1', NULL, NULL, NULL, NULL, NULL, NULL, NULL),
(26, '0067', 'TRI WINARSIH', NULL, NULL, NULL, NULL, NULL, '1', NULL, NULL, NULL, NULL, NULL, NULL, NULL),
(27, '0071', 'EKO MULIAWAN', NULL, NULL, NULL, NULL, NULL, '1', NULL, NULL, NULL, NULL, NULL, NULL, NULL),
(28, '0072', 'NUR VIVIANI', NULL, NULL, NULL, NULL, NULL, '1', NULL, NULL, NULL, NULL, NULL, NULL, NULL),
(29, '0075', 'MELY SUKMAWATI', NULL, NULL, NULL, NULL, NULL, '1', NULL, NULL, NULL, NULL, NULL, NULL, NULL),
(30, '0078', 'RULIYANTO', NULL, NULL, NULL, NULL, NULL, '1', NULL, NULL, NULL, NULL, NULL, NULL, NULL),
(31, '0079', 'TASBIKHUL MUNIR', NULL, NULL, NULL, NULL, NULL, '1', NULL, NULL, NULL, NULL, NULL, NULL, NULL),
(32, '0082', 'YOHANES RISKY ADI WIJAYA', NULL, NULL, NULL, NULL, NULL, '1', NULL, NULL, NULL, NULL, NULL, NULL, NULL),
(33, '0083', 'WULAN', NULL, NULL, NULL, NULL, NULL, '1', NULL, NULL, NULL, NULL, NULL, NULL, NULL),
(34, '0084', 'SUTRISNO', NULL, NULL, NULL, NULL, NULL, '1', NULL, NULL, NULL, NULL, NULL, NULL, NULL),
(35, '0085', 'ENDANG MULYANA', NULL, NULL, NULL, NULL, NULL, '1', NULL, NULL, NULL, NULL, NULL, NULL, NULL),
(36, '0089', 'JAMES RAYMONT NUREROAN', NULL, NULL, NULL, NULL, NULL, '1', NULL, NULL, NULL, NULL, NULL, NULL, NULL),
(37, '0092', 'ARDY PRIYO SUDIYANTOKO', NULL, NULL, NULL, NULL, NULL, '1', NULL, NULL, NULL, NULL, NULL, NULL, NULL),
(38, '0096', 'JOKO SUSILO', NULL, NULL, NULL, NULL, NULL, '1', NULL, NULL, NULL, NULL, NULL, NULL, NULL),
(39, '0098', 'EDI LISWARDI', NULL, NULL, NULL, NULL, NULL, '1', NULL, NULL, NULL, NULL, NULL, NULL, NULL),
(40, '0103', 'SELVIA WULANDARI', NULL, NULL, NULL, NULL, NULL, '1', NULL, NULL, NULL, NULL, NULL, NULL, NULL),
(41, '0105', 'NADILA VIRGIANI SURYANA', NULL, NULL, NULL, NULL, NULL, '1', NULL, NULL, NULL, NULL, NULL, NULL, NULL),
(42, '0107', 'PRISMAWINDA ANIFANINDI', NULL, NULL, NULL, NULL, NULL, '1', NULL, NULL, NULL, NULL, NULL, NULL, NULL),
(43, '0108', 'SANIH KOMALASARI', NULL, NULL, NULL, NULL, NULL, '1', NULL, NULL, NULL, NULL, NULL, NULL, NULL),
(44, '0114', 'NIDA FARIDA UTAMI', NULL, NULL, NULL, NULL, NULL, '1', NULL, NULL, NULL, NULL, NULL, NULL, NULL),
(45, '0118', 'NUR ROPIAH ADAWIYAH', NULL, NULL, NULL, NULL, NULL, '1', NULL, NULL, NULL, NULL, NULL, NULL, NULL),
(46, '0120', 'LAELA FITRIANI', NULL, NULL, NULL, NULL, NULL, '1', NULL, NULL, NULL, NULL, NULL, NULL, NULL),
(47, '0124', 'RANI INDRIANI', NULL, NULL, NULL, NULL, NULL, '1', NULL, NULL, NULL, NULL, NULL, NULL, NULL),
(48, '0127', 'NURKHAFIFAH FITRIA NINGKRUM', NULL, NULL, NULL, NULL, NULL, '1', NULL, NULL, NULL, NULL, NULL, NULL, NULL),
(49, '0128', 'YULIA ANESTI', NULL, NULL, NULL, NULL, NULL, '1', NULL, NULL, NULL, NULL, NULL, NULL, NULL),
(50, '0129', 'RIKA NOVITAZEMI AINI', NULL, NULL, NULL, NULL, NULL, '1', NULL, NULL, NULL, NULL, NULL, NULL, NULL),
(51, '0132', 'FANNY AMALIA IZATI', NULL, NULL, NULL, NULL, NULL, '1', NULL, NULL, NULL, NULL, NULL, NULL, NULL),
(52, '0133', 'RIANI DEWI', NULL, NULL, NULL, NULL, NULL, '1', NULL, NULL, NULL, NULL, NULL, NULL, NULL),
(53, '0134', 'ANI RUFAIDAH', NULL, NULL, NULL, NULL, NULL, '1', NULL, NULL, NULL, NULL, NULL, NULL, NULL),
(54, '0136', 'HESTI DEPILANIA', NULL, NULL, NULL, NULL, NULL, '1', NULL, NULL, NULL, NULL, NULL, NULL, NULL),
(55, '0137', 'NIA PRASETIA', NULL, NULL, NULL, NULL, NULL, '1', NULL, NULL, NULL, NULL, NULL, NULL, NULL),
(56, '0139', 'SITI MARYAM', NULL, NULL, NULL, NULL, NULL, '1', NULL, NULL, NULL, NULL, NULL, NULL, NULL),
(57, '0141', 'BAYU SAPUTRI WULANDARI', NULL, NULL, NULL, NULL, NULL, '1', NULL, NULL, NULL, NULL, NULL, NULL, NULL),
(58, '0142', 'TIAN BESTIANA', NULL, NULL, NULL, NULL, NULL, '1', NULL, NULL, NULL, NULL, NULL, NULL, NULL),
(59, '0145', 'SUKRON AZIZ', NULL, NULL, NULL, NULL, NULL, '1', NULL, NULL, NULL, NULL, NULL, NULL, NULL),
(60, '0147', 'FIRSAL AKHSANUL FAJRI', NULL, NULL, NULL, NULL, NULL, '1', NULL, NULL, NULL, NULL, NULL, NULL, NULL),
(61, '0149', 'AYU WAHYUNI', NULL, NULL, NULL, NULL, NULL, '1', NULL, NULL, NULL, NULL, NULL, NULL, NULL),
(62, '0150', 'SUSTRINI PANDIANGAN', NULL, NULL, NULL, NULL, NULL, '1', NULL, NULL, NULL, NULL, NULL, NULL, NULL),
(63, '0151', 'FUJI ASTUTI AMELIA', NULL, NULL, NULL, NULL, NULL, '1', NULL, NULL, NULL, NULL, NULL, NULL, NULL),
(64, '0153', 'EVA YUNITA SARI', NULL, NULL, NULL, NULL, NULL, '1', NULL, NULL, NULL, NULL, NULL, NULL, NULL),
(65, '0154', 'RUMI TASYA LEONITA', NULL, NULL, NULL, NULL, NULL, '1', NULL, NULL, NULL, NULL, NULL, NULL, NULL),
(66, '0155', 'KRISMY JUNI FUTARI', NULL, NULL, NULL, NULL, NULL, '1', NULL, NULL, NULL, NULL, NULL, NULL, NULL),
(67, '0156', 'NARSIH SUNINGSIH', NULL, NULL, NULL, NULL, NULL, '1', NULL, NULL, NULL, NULL, NULL, NULL, NULL),
(68, '0157', 'ERVINA OKTAVIANI', NULL, NULL, NULL, NULL, NULL, '1', NULL, NULL, NULL, NULL, NULL, NULL, NULL),
(69, '0158', 'RESI MILAWATI', NULL, NULL, NULL, NULL, NULL, '1', NULL, NULL, NULL, NULL, NULL, NULL, NULL),
(70, '0159', 'YULIA ASTRI', NULL, NULL, NULL, NULL, NULL, '1', NULL, NULL, NULL, NULL, NULL, NULL, NULL),
(71, '0160', 'LENI SEPTIANA', NULL, NULL, NULL, NULL, NULL, '1', NULL, NULL, NULL, NULL, NULL, NULL, NULL),
(72, '0161', 'RATNA KUSUMA NUR ALIFAH', NULL, NULL, NULL, NULL, NULL, '1', NULL, NULL, NULL, NULL, NULL, NULL, NULL),
(73, '0162', 'KHAERURRIZAL', NULL, NULL, NULL, NULL, NULL, '1', NULL, NULL, NULL, NULL, NULL, NULL, NULL),
(74, '0163', 'FARIK FARDIN NAUFAL', NULL, NULL, NULL, NULL, NULL, '1', NULL, NULL, NULL, NULL, NULL, NULL, NULL),
(75, '0164', 'YOYOH', NULL, NULL, NULL, NULL, NULL, '1', NULL, NULL, NULL, NULL, NULL, NULL, NULL),
(76, '0166', 'RETNO SEPTIANI', NULL, NULL, NULL, NULL, NULL, '1', NULL, NULL, NULL, NULL, NULL, NULL, NULL),
(77, '0167', 'AMELDA RAHMAWATI', NULL, NULL, NULL, NULL, NULL, '1', NULL, NULL, NULL, NULL, NULL, NULL, NULL),
(78, '0168', 'BRENDA LAYSIA', NULL, NULL, NULL, NULL, NULL, '1', NULL, NULL, NULL, NULL, NULL, NULL, NULL),
(79, '0169', 'DEVA ANGGIT RIANA', NULL, NULL, NULL, NULL, NULL, '1', NULL, NULL, NULL, NULL, NULL, NULL, NULL),
(80, '0171', 'NENG PATIMAH', NULL, NULL, NULL, NULL, NULL, '1', NULL, NULL, NULL, NULL, NULL, NULL, NULL),
(81, '0173', 'YULIANA', NULL, NULL, NULL, NULL, NULL, '1', NULL, NULL, NULL, NULL, NULL, NULL, NULL),
(82, '0174', 'EUIS MARLINA', NULL, NULL, NULL, NULL, NULL, '1', NULL, NULL, NULL, NULL, NULL, NULL, NULL),
(83, '0175', 'WIWIT HIDAYATI', NULL, NULL, NULL, NULL, NULL, '1', NULL, NULL, NULL, NULL, NULL, NULL, NULL),
(84, '0178', 'CHIKA SEPTIKA', NULL, NULL, NULL, NULL, NULL, '1', NULL, NULL, NULL, NULL, NULL, NULL, NULL),
(85, '0179', 'VIKI WIDAROHMAN', NULL, NULL, NULL, NULL, NULL, '1', NULL, NULL, NULL, NULL, NULL, NULL, NULL),
(86, '0180', 'ETIKA SRI MULYADI', NULL, NULL, NULL, NULL, NULL, '1', NULL, NULL, NULL, NULL, NULL, NULL, NULL),
(87, '0181', 'ENDAH DWI APRIYANA SARI', NULL, NULL, NULL, NULL, NULL, '1', NULL, NULL, NULL, NULL, NULL, NULL, NULL),
(88, '0184', 'DESTI ARSIANA RISDIANTI', NULL, NULL, NULL, NULL, NULL, '1', NULL, NULL, NULL, NULL, NULL, NULL, NULL),
(89, '0188', 'SAFIRA THEA RACHMANI', NULL, NULL, NULL, NULL, NULL, '1', NULL, NULL, NULL, NULL, NULL, NULL, NULL),
(90, '0189', 'APITA SITI NURHALIMAH', NULL, NULL, NULL, NULL, NULL, '1', NULL, NULL, NULL, NULL, NULL, NULL, NULL),
(91, '0190', 'RITA ATIWININGSIH', NULL, NULL, NULL, NULL, NULL, '1', NULL, NULL, NULL, NULL, NULL, NULL, NULL),
(92, '0191', 'APRILIANA SANDIAH PITALOKA', NULL, NULL, NULL, NULL, NULL, '1', NULL, NULL, NULL, NULL, NULL, NULL, NULL),
(93, '0192', 'TIWI ADHISTY', NULL, NULL, NULL, NULL, NULL, '1', NULL, NULL, NULL, NULL, NULL, NULL, NULL),
(94, '0196', 'NOVI NARULITA', NULL, NULL, NULL, NULL, NULL, '1', NULL, NULL, NULL, NULL, NULL, NULL, NULL),
(95, '0199', 'ERLINA DESTI KUSMAWATI', NULL, NULL, NULL, NULL, NULL, '1', NULL, NULL, NULL, NULL, NULL, NULL, NULL),
(96, '0200', 'RIKA YULYANTI DEWI', NULL, NULL, NULL, NULL, NULL, '1', NULL, NULL, NULL, NULL, NULL, NULL, NULL),
(97, '0201', 'RITA DEWI LESTARI', NULL, NULL, NULL, NULL, NULL, '1', NULL, NULL, NULL, NULL, NULL, NULL, NULL),
(98, '0203', 'HIDAYAH RUTHI IMANING TARI', NULL, NULL, NULL, NULL, NULL, '1', NULL, NULL, NULL, NULL, NULL, NULL, NULL),
(99, '0204', 'WIJI RAHMAWATI', NULL, NULL, NULL, NULL, NULL, '1', NULL, NULL, NULL, NULL, NULL, NULL, NULL),
(100, '0205', 'RAMADHAN SAPTA WIYUDA', NULL, NULL, NULL, NULL, NULL, '1', NULL, NULL, NULL, NULL, NULL, NULL, NULL),
(101, '0207', 'ANISA HAIATUL MAKNUN', NULL, NULL, NULL, NULL, NULL, '1', NULL, NULL, NULL, NULL, NULL, NULL, NULL),
(102, '0209', 'NUR CHOLIQ MAWARDI', NULL, NULL, NULL, NULL, NULL, '1', NULL, NULL, NULL, NULL, NULL, NULL, NULL),
(103, '0210', 'HERMAWAN EKO SISWANTO', NULL, NULL, NULL, NULL, NULL, '1', NULL, NULL, NULL, NULL, NULL, NULL, NULL),
(104, '0211', 'MIRNAWATI DEWI', NULL, NULL, NULL, NULL, NULL, '1', NULL, NULL, NULL, NULL, NULL, NULL, NULL),
(105, '0212', 'MITA YULIANTI', NULL, NULL, NULL, NULL, NULL, '1', NULL, NULL, NULL, NULL, NULL, NULL, NULL),
(106, '0215', 'RIYANTI', NULL, NULL, NULL, NULL, NULL, '1', NULL, NULL, NULL, NULL, NULL, NULL, NULL),
(107, '0216', 'ATIN SOPIAH', NULL, NULL, NULL, NULL, NULL, '1', NULL, NULL, NULL, NULL, NULL, NULL, NULL),
(108, '0217', 'FIKA RAHAYU', NULL, NULL, NULL, NULL, NULL, '1', NULL, NULL, NULL, NULL, NULL, NULL, NULL),
(109, '0218', 'GIA FITRILIANTI', NULL, NULL, NULL, NULL, NULL, '1', NULL, NULL, NULL, NULL, NULL, NULL, NULL),
(110, '0219', 'MUTIARA SARI', NULL, NULL, NULL, NULL, NULL, '1', NULL, NULL, NULL, NULL, NULL, NULL, NULL),
(111, '0220', 'VICKICH MALAYSIARDAN', NULL, NULL, NULL, NULL, NULL, '1', NULL, NULL, NULL, NULL, NULL, NULL, NULL),
(112, '0221', 'FAHMI FIRMANSYAH', NULL, NULL, NULL, NULL, NULL, '1', NULL, NULL, NULL, NULL, NULL, NULL, NULL),
(113, '0222', 'BAGAS MAHENDRA', NULL, NULL, NULL, NULL, NULL, '1', NULL, NULL, NULL, NULL, NULL, NULL, NULL),
(114, '0223', 'GAGAH NARA PANDHITA', NULL, NULL, NULL, NULL, NULL, '1', NULL, NULL, NULL, NULL, NULL, NULL, NULL),
(115, '0224', 'JOKO WALUYO', NULL, NULL, NULL, NULL, NULL, '1', NULL, NULL, NULL, NULL, NULL, NULL, NULL),
(116, '0225', 'MIRA YULIANA', NULL, NULL, NULL, NULL, NULL, '1', NULL, NULL, NULL, NULL, NULL, NULL, NULL),
(117, '0226', 'SENA ANGRAINI', NULL, NULL, NULL, NULL, NULL, '1', NULL, NULL, NULL, NULL, NULL, NULL, NULL),
(118, '0227', 'DHEA WULAN PERMATA', NULL, NULL, NULL, NULL, NULL, '1', NULL, NULL, NULL, NULL, NULL, NULL, NULL),
(119, '0228', 'ATIK OVITA SARI ', NULL, NULL, NULL, NULL, NULL, '1', NULL, NULL, NULL, NULL, NULL, NULL, NULL),
(120, '0229', 'JOKO WASKITO', NULL, NULL, NULL, NULL, NULL, '1', NULL, NULL, NULL, NULL, NULL, NULL, NULL),
(121, '0231', 'KHIFZUL ANAS', NULL, NULL, NULL, NULL, NULL, '1', NULL, NULL, NULL, NULL, NULL, NULL, NULL),
(122, '0232', 'ANNE GRESCIAWATI', NULL, NULL, NULL, NULL, NULL, '1', NULL, NULL, NULL, NULL, NULL, NULL, NULL),
(123, '0233', 'HERMANTO', NULL, NULL, NULL, NULL, NULL, '1', NULL, NULL, NULL, NULL, NULL, NULL, NULL),
(124, '0234', 'DEVI LESTARI', NULL, NULL, NULL, NULL, NULL, '1', NULL, NULL, NULL, NULL, NULL, NULL, NULL),
(125, '0235', 'VIVI PELANGI INDAH', NULL, NULL, NULL, NULL, NULL, '1', NULL, NULL, NULL, NULL, NULL, NULL, NULL),
(126, '0236', 'FRANCISCA ROMANA DWI AMBARWATI', NULL, NULL, NULL, NULL, NULL, '1', NULL, NULL, NULL, NULL, NULL, NULL, NULL),
(127, '0237', 'PUJI PANGESTUTI', NULL, NULL, NULL, NULL, NULL, '1', NULL, NULL, NULL, NULL, NULL, NULL, NULL),
(128, '0238', 'SIPA RAHMAWATI', NULL, NULL, NULL, NULL, NULL, '1', NULL, NULL, NULL, NULL, NULL, NULL, NULL),
(129, '0239', 'ELSYA TRIANI INDRIANTI', NULL, NULL, NULL, NULL, NULL, '1', NULL, NULL, NULL, NULL, NULL, NULL, NULL),
(130, '0240', 'PUTRI KARTIKA SALMA', NULL, NULL, NULL, NULL, NULL, '1', NULL, NULL, NULL, NULL, NULL, NULL, NULL),
(131, '0242', 'TENNY TENKA SUJATI', NULL, NULL, NULL, NULL, NULL, '1', NULL, NULL, NULL, NULL, NULL, NULL, NULL),
(132, '0243', 'SANTI FEBRIANTI', NULL, NULL, NULL, NULL, NULL, '1', NULL, NULL, NULL, NULL, NULL, NULL, NULL),
(133, '0245', 'HALIMATUS SA`DIAH', NULL, NULL, NULL, NULL, NULL, '1', NULL, NULL, NULL, NULL, NULL, NULL, NULL),
(134, '0246', 'QURNIA MEGA PRATIWI', NULL, NULL, NULL, NULL, NULL, '1', NULL, NULL, NULL, NULL, NULL, NULL, NULL),
(135, '0247', 'SALSA BILAH', NULL, NULL, NULL, NULL, NULL, '1', NULL, NULL, NULL, NULL, NULL, NULL, NULL),
(136, '0248', 'SAHNAZ TABASYAH', NULL, NULL, NULL, NULL, NULL, '1', NULL, NULL, NULL, NULL, NULL, NULL, NULL),
(137, '0249', 'DADANG', NULL, NULL, NULL, NULL, NULL, '1', NULL, NULL, NULL, NULL, NULL, NULL, NULL),
(138, '0251', 'MOHAMAD RIFQI MUSTOFA', NULL, NULL, NULL, NULL, NULL, '1', NULL, NULL, NULL, NULL, NULL, NULL, NULL),
(139, '0252', 'WAHYU PURWONO', NULL, NULL, NULL, NULL, NULL, '1', NULL, NULL, NULL, NULL, NULL, NULL, NULL),
(140, '0253', 'MA`AH NOVI YANDA', NULL, NULL, NULL, NULL, NULL, '1', NULL, NULL, NULL, NULL, NULL, NULL, NULL),
(141, '0255', 'SITI SAFIKATUN', NULL, NULL, NULL, NULL, NULL, '1', NULL, NULL, NULL, NULL, NULL, NULL, NULL),
(142, '0256', 'SASKIA ISNAENI', NULL, NULL, NULL, NULL, NULL, '1', NULL, NULL, NULL, NULL, NULL, NULL, NULL),
(143, '0257', 'AGIA WULANTARI', NULL, NULL, NULL, NULL, NULL, '1', NULL, NULL, NULL, NULL, NULL, NULL, NULL),
(144, '0258', 'NOVI ANGGRAENI', NULL, NULL, NULL, NULL, NULL, '1', NULL, NULL, NULL, NULL, NULL, NULL, NULL),
(145, '0259', 'NURI HANDAYANI', NULL, NULL, NULL, NULL, NULL, '1', NULL, NULL, NULL, NULL, NULL, NULL, NULL),
(146, '0260', 'NADIA NURAKHMAISYAH PUTRI', NULL, NULL, NULL, NULL, NULL, '1', NULL, NULL, NULL, NULL, NULL, NULL, NULL),
(147, '0261', 'LELI SITI HAMIDAH', NULL, NULL, NULL, NULL, NULL, '1', NULL, NULL, NULL, NULL, NULL, NULL, NULL),
(148, '0262', 'SITI HARYANI FITRIA', NULL, NULL, NULL, NULL, NULL, '1', NULL, NULL, NULL, NULL, NULL, NULL, NULL),
(149, '0263', 'PUTRI NOVITASARI', NULL, NULL, NULL, NULL, NULL, '1', NULL, NULL, NULL, NULL, NULL, NULL, NULL),
(150, '0264', 'SAFIRA NOVIANTI', NULL, NULL, NULL, NULL, NULL, '1', NULL, NULL, NULL, NULL, NULL, NULL, NULL),
(151, '0265', 'MARLINA', NULL, NULL, NULL, NULL, NULL, '1', NULL, NULL, NULL, NULL, NULL, NULL, NULL),
(152, '0266', 'DESY RAHMAWATI', NULL, NULL, NULL, NULL, NULL, '1', NULL, NULL, NULL, NULL, NULL, NULL, NULL),
(153, '0267', 'ANA MULYANA', NULL, NULL, NULL, NULL, NULL, '1', NULL, NULL, NULL, NULL, NULL, NULL, NULL),
(154, '0268', 'ANDI ARMANSYAH', NULL, NULL, NULL, NULL, NULL, '1', NULL, NULL, NULL, NULL, NULL, NULL, NULL),
(155, '0269', 'YOLA YUNITA SARI', NULL, NULL, NULL, NULL, NULL, '1', NULL, NULL, NULL, NULL, NULL, NULL, NULL),
(156, '0270', 'ANWAR MUSADAD', NULL, NULL, NULL, NULL, NULL, '1', NULL, NULL, NULL, NULL, NULL, NULL, NULL),
(157, '0271', 'UNASIH', NULL, NULL, NULL, NULL, NULL, '1', NULL, NULL, NULL, NULL, NULL, NULL, NULL),
(158, '0272', 'ASTI HANDAYANI', NULL, NULL, NULL, NULL, NULL, '1', NULL, NULL, NULL, NULL, NULL, NULL, NULL),
(159, '0273', 'YUANA PUTRI ARI SHANDI', NULL, NULL, NULL, NULL, NULL, '1', NULL, NULL, NULL, NULL, NULL, NULL, NULL),
(160, '0274', 'DEDE YUSUF ', NULL, NULL, NULL, NULL, NULL, '1', NULL, NULL, NULL, NULL, NULL, NULL, NULL),
(161, '0275', 'TEGUH SUSILO', NULL, NULL, NULL, NULL, NULL, '1', NULL, NULL, NULL, NULL, NULL, NULL, NULL),
(162, '0277', 'WINDA SULISTIONINGRUM', NULL, NULL, NULL, NULL, NULL, '1', NULL, NULL, NULL, NULL, NULL, NULL, NULL),
(163, '0278', 'DIDIK SABARNO', NULL, NULL, NULL, NULL, NULL, '1', NULL, NULL, NULL, NULL, NULL, NULL, NULL),
(164, '0279', 'SOPI ANATASYA', NULL, NULL, NULL, NULL, NULL, '1', NULL, NULL, NULL, NULL, NULL, NULL, NULL),
(165, '0280', 'NICKY PUTRI ANGELA', NULL, NULL, NULL, NULL, NULL, '1', NULL, NULL, NULL, NULL, NULL, NULL, NULL),
(166, '0281', 'FERDY GUNAWAN', NULL, NULL, NULL, NULL, NULL, '1', NULL, NULL, NULL, NULL, NULL, NULL, NULL),
(167, '0282', 'IGNASIUS VONI VIYANTORO', NULL, NULL, NULL, NULL, NULL, '1', NULL, NULL, NULL, NULL, NULL, NULL, NULL),
(168, '0284', 'ALIYAH WIRAHAYU', NULL, NULL, NULL, NULL, NULL, '1', NULL, NULL, NULL, NULL, NULL, NULL, NULL),
(169, '0285', 'ANNISA NUR KHOLISHOH', NULL, NULL, NULL, NULL, NULL, '1', NULL, NULL, NULL, NULL, NULL, NULL, NULL),
(170, '0286', 'ANNISAH KHOLIFATUL JANAH', NULL, NULL, NULL, NULL, NULL, '1', NULL, NULL, NULL, NULL, NULL, NULL, NULL),
(171, '0287', 'APRI LIA KUSUMA WARDANI SP', NULL, NULL, NULL, NULL, NULL, '1', NULL, NULL, NULL, NULL, NULL, NULL, NULL),
(172, '0288', 'APRILIA UTAMI', NULL, NULL, NULL, NULL, NULL, '1', NULL, NULL, NULL, NULL, NULL, NULL, NULL),
(173, '0289', 'ARISTI  YULIA MAPARITA', NULL, NULL, NULL, NULL, NULL, '1', NULL, NULL, NULL, NULL, NULL, NULL, NULL),
(174, '0290', 'ATIN RIYASIH', NULL, NULL, NULL, NULL, NULL, '1', NULL, NULL, NULL, NULL, NULL, NULL, NULL),
(175, '0291', 'BELLA AYU PUSPA DEWI', NULL, NULL, NULL, NULL, NULL, '1', NULL, NULL, NULL, NULL, NULL, NULL, NULL),
(176, '0292', 'DEWI APRILIANA', NULL, NULL, NULL, NULL, NULL, '1', NULL, NULL, NULL, NULL, NULL, NULL, NULL),
(177, '0293', 'DIAH APRIL RIANTI', NULL, NULL, NULL, NULL, NULL, '1', NULL, NULL, NULL, NULL, NULL, NULL, NULL),
(178, '0294', 'DIAN TRISNA SEPTIANI', NULL, NULL, NULL, NULL, NULL, '1', NULL, NULL, NULL, NULL, NULL, NULL, NULL),
(179, '0295', 'DWI KHAERANI', NULL, NULL, NULL, NULL, NULL, '1', NULL, NULL, NULL, NULL, NULL, NULL, NULL),
(180, '0297', 'ENGGAR PRASETIA PAMUJI', NULL, NULL, NULL, NULL, NULL, '1', NULL, NULL, NULL, NULL, NULL, NULL, NULL),
(181, '0298', 'FAHMI TRI LESTARI', NULL, NULL, NULL, NULL, NULL, '1', NULL, NULL, NULL, NULL, NULL, NULL, NULL),
(182, '0299', 'FATINGAH', NULL, NULL, NULL, NULL, NULL, '1', NULL, NULL, NULL, NULL, NULL, NULL, NULL),
(183, '0300', 'FITRI INDAH ROCHYANY', NULL, NULL, NULL, NULL, NULL, '1', NULL, NULL, NULL, NULL, NULL, NULL, NULL),
(184, '0301', 'INDAH NUR CAHYANTI', NULL, NULL, NULL, NULL, NULL, '1', NULL, NULL, NULL, NULL, NULL, NULL, NULL),
(185, '0302', 'LILY WINDI ROSIDA', NULL, NULL, NULL, NULL, NULL, '1', NULL, NULL, NULL, NULL, NULL, NULL, NULL),
(186, '0303', 'AJI DWI PRASETYO', NULL, NULL, NULL, NULL, NULL, '1', NULL, NULL, NULL, NULL, NULL, NULL, NULL),
(187, '0304', 'YUSTINUS DESI RIKO SANJAYA', NULL, NULL, NULL, NULL, NULL, '1', NULL, NULL, NULL, NULL, NULL, NULL, NULL),
(188, '0305', 'RASIDI', NULL, NULL, NULL, NULL, NULL, '1', NULL, NULL, NULL, NULL, NULL, NULL, NULL),
(189, '0306', 'TEGUH WIDODO', NULL, NULL, NULL, NULL, NULL, '1', NULL, NULL, NULL, NULL, NULL, NULL, NULL),
(190, '0308', 'JOKO PRASETYO', NULL, NULL, NULL, NULL, NULL, '1', NULL, NULL, NULL, NULL, NULL, NULL, NULL),
(191, '0309', 'GREVALBY', NULL, NULL, NULL, NULL, NULL, '1', NULL, NULL, NULL, NULL, NULL, NULL, NULL),
(192, '0310', 'FADILLA HUSNA BA`ALWY', NULL, NULL, NULL, NULL, NULL, '1', NULL, NULL, NULL, NULL, NULL, NULL, NULL),
(193, '0311', 'DINI A GUSTIAN', NULL, NULL, NULL, NULL, NULL, '1', NULL, NULL, NULL, NULL, NULL, NULL, NULL),
(194, '0312', 'MAELINDA CANINGRUM', NULL, NULL, NULL, NULL, NULL, '1', NULL, NULL, NULL, NULL, NULL, NULL, NULL),
(195, '0313', 'MA`UNATI', NULL, NULL, NULL, NULL, NULL, '1', NULL, NULL, NULL, NULL, NULL, NULL, NULL),
(196, '0315', 'MELIN FANIA ALFITRIANA', NULL, NULL, NULL, NULL, NULL, '1', NULL, NULL, NULL, NULL, NULL, NULL, NULL),
(197, '0316', 'NIA AYU SAPUTRI', NULL, NULL, NULL, NULL, NULL, '1', NULL, NULL, NULL, NULL, NULL, NULL, NULL),
(198, '0318', 'NURUL TRI LESTARI', NULL, NULL, NULL, NULL, NULL, '1', NULL, NULL, NULL, NULL, NULL, NULL, NULL),
(199, '0319', 'PUPUT YUNIAR', NULL, NULL, NULL, NULL, NULL, '1', NULL, NULL, NULL, NULL, NULL, NULL, NULL),
(200, '0320', 'RETNO INDRIANI', NULL, NULL, NULL, NULL, NULL, '1', NULL, NULL, NULL, NULL, NULL, NULL, NULL),
(201, '0321', 'RETNO SUSIANTI', NULL, NULL, NULL, NULL, NULL, '1', NULL, NULL, NULL, NULL, NULL, NULL, NULL),
(202, '0322', 'RIA NUR SHOLEKHAH', NULL, NULL, NULL, NULL, NULL, '1', NULL, NULL, NULL, NULL, NULL, NULL, NULL),
(203, '0324', 'RITMA RATRI', NULL, NULL, NULL, NULL, NULL, '1', NULL, NULL, NULL, NULL, NULL, NULL, NULL),
(204, '0325', 'RIZKI ANANDA', NULL, NULL, NULL, NULL, NULL, '1', NULL, NULL, NULL, NULL, NULL, NULL, NULL),
(205, '0327', 'SAGITA DARA MAYLIANITA', NULL, NULL, NULL, NULL, NULL, '1', NULL, NULL, NULL, NULL, NULL, NULL, NULL),
(206, '0330', 'SITI KHUMAIROH', NULL, NULL, NULL, NULL, NULL, '1', NULL, NULL, NULL, NULL, NULL, NULL, NULL),
(207, '0331', 'SRI MULYANI BAROKAH', NULL, NULL, NULL, NULL, NULL, '1', NULL, NULL, NULL, NULL, NULL, NULL, NULL),
(208, '0332', 'SRI MULYATI', NULL, NULL, NULL, NULL, NULL, '1', NULL, NULL, NULL, NULL, NULL, NULL, NULL),
(209, '0334', 'SUCI DEWANTARI', NULL, NULL, NULL, NULL, NULL, '1', NULL, NULL, NULL, NULL, NULL, NULL, NULL),
(210, '0338', 'WINTA OKTARINA PUTRI', NULL, NULL, NULL, NULL, NULL, '1', NULL, NULL, NULL, NULL, NULL, NULL, NULL),
(211, '0339', 'WITRI YULIANI', NULL, NULL, NULL, NULL, NULL, '1', NULL, NULL, NULL, NULL, NULL, NULL, NULL),
(212, '0340', 'YUNITASARI', NULL, NULL, NULL, NULL, NULL, '1', NULL, NULL, NULL, NULL, NULL, NULL, NULL),
(213, '0341', 'DWI WIDYARTI', NULL, NULL, NULL, NULL, NULL, '1', NULL, NULL, NULL, NULL, NULL, NULL, NULL),
(214, '0342', 'DAFFA RIZKY PRADANA', NULL, NULL, NULL, NULL, NULL, '1', NULL, NULL, NULL, NULL, NULL, NULL, NULL),
(215, '0343', 'NIAMUL AUFA', NULL, NULL, NULL, NULL, NULL, '1', NULL, NULL, NULL, NULL, NULL, NULL, NULL),
(216, '0344', 'INDRA KOSWARA', NULL, NULL, NULL, NULL, NULL, '1', NULL, NULL, NULL, NULL, NULL, NULL, NULL),
(217, '0345', 'BILLY SABILILLAH', NULL, NULL, NULL, NULL, NULL, '1', NULL, NULL, NULL, NULL, NULL, NULL, NULL),
(218, '0346', 'MUHAMAD SHOLIKUL HADI ', NULL, NULL, NULL, NULL, NULL, '1', NULL, NULL, NULL, NULL, NULL, NULL, NULL),
(219, '0347', 'NADILA ISMA RIZKI PUTRI', NULL, NULL, NULL, NULL, NULL, '1', NULL, NULL, NULL, NULL, NULL, NULL, NULL),
(220, '0348', 'RUDI SETIAWAN', NULL, NULL, NULL, NULL, NULL, '1', NULL, NULL, NULL, NULL, NULL, NULL, NULL),
(221, '0349', 'SITI MULYATI', NULL, NULL, NULL, NULL, NULL, '1', NULL, NULL, NULL, NULL, NULL, NULL, NULL),
(222, '0350', 'ANBAR RIZKI HASANA', NULL, NULL, NULL, NULL, NULL, '1', NULL, NULL, NULL, NULL, NULL, NULL, NULL),
(223, '0351', 'SIGIT HANDOKO', NULL, NULL, NULL, NULL, NULL, '1', NULL, NULL, NULL, NULL, NULL, NULL, NULL),
(224, '0352', 'AHMAD ASWALDI', NULL, NULL, NULL, NULL, NULL, '1', NULL, NULL, NULL, NULL, NULL, NULL, NULL),
(225, '0353', 'ARIS WAHYUDIN', NULL, NULL, NULL, NULL, NULL, '1', NULL, NULL, NULL, NULL, NULL, NULL, NULL),
(226, '0354', 'DEVI ANUGRAH', NULL, NULL, NULL, NULL, NULL, '1', NULL, NULL, NULL, NULL, NULL, NULL, NULL),
(227, '0355', 'MARIMAN', NULL, NULL, NULL, NULL, NULL, '1', NULL, NULL, NULL, NULL, NULL, NULL, NULL),
(228, '0356', 'MUAMAR', NULL, NULL, NULL, NULL, NULL, '1', NULL, NULL, NULL, NULL, NULL, NULL, NULL),
(229, '0357', 'LUKMAN DWI PRAMANA', NULL, NULL, NULL, NULL, NULL, '1', NULL, NULL, NULL, NULL, NULL, NULL, NULL),
(230, '0358', 'SOFYAN ALI', NULL, NULL, NULL, NULL, NULL, '1', NULL, NULL, NULL, NULL, NULL, NULL, NULL),
(231, '0359', 'YUSUF FIANTO', NULL, NULL, NULL, NULL, NULL, '1', NULL, NULL, NULL, NULL, NULL, NULL, NULL),
(232, '0360', 'HASBY AGATONY RUDIRO', NULL, NULL, NULL, NULL, NULL, '1', NULL, NULL, NULL, NULL, NULL, NULL, NULL),
(233, '0361', 'SAHRU MUBAROK', NULL, NULL, NULL, NULL, NULL, '1', NULL, NULL, NULL, NULL, NULL, NULL, NULL),
(234, '0362', 'RICA EFENDI', NULL, NULL, NULL, NULL, NULL, '1', NULL, NULL, NULL, NULL, NULL, NULL, NULL),
(235, '0363', 'AFALULLOH', NULL, NULL, NULL, NULL, NULL, '1', NULL, NULL, NULL, NULL, NULL, NULL, NULL),
(236, '0364', 'NOVI GALIH PURBAYA', NULL, NULL, NULL, NULL, NULL, '1', NULL, NULL, NULL, NULL, NULL, NULL, NULL),
(237, '0365', 'ACHMAD WAHYUDIN', NULL, NULL, NULL, NULL, NULL, '1', NULL, NULL, NULL, NULL, NULL, NULL, NULL),
(238, '0366', 'MUHAMMAD FADIL FAHMI', NULL, NULL, NULL, NULL, NULL, '1', NULL, NULL, NULL, NULL, NULL, NULL, NULL),
(239, '0368', 'AGUS UTAMA', NULL, NULL, NULL, NULL, NULL, '1', NULL, NULL, NULL, NULL, NULL, NULL, NULL),
(240, '0369', 'SARAH SYAFIRA TUAHUNSZ', NULL, NULL, NULL, NULL, NULL, '1', NULL, NULL, NULL, NULL, NULL, NULL, NULL),
(241, '0370', 'RAMADHAN DIFA SYAMAIDZAR', NULL, NULL, NULL, NULL, NULL, '1', NULL, NULL, NULL, NULL, NULL, NULL, NULL),
(242, '0371', 'FATHIMAH NUR ANGGRAINI', NULL, NULL, NULL, NULL, NULL, '1', NULL, NULL, NULL, NULL, NULL, NULL, NULL),
(243, '0372', 'MUHLIS', NULL, NULL, NULL, NULL, NULL, '1', NULL, NULL, NULL, NULL, NULL, NULL, NULL),
(244, '0373', 'ANISA', NULL, NULL, NULL, NULL, NULL, '1', NULL, NULL, NULL, NULL, NULL, NULL, NULL),
(245, '0374', 'MUGI SUGIONO', NULL, NULL, NULL, NULL, NULL, '1', NULL, NULL, NULL, NULL, NULL, NULL, NULL),
(246, '0375', 'ISTI KARYANA', NULL, NULL, NULL, NULL, NULL, '1', NULL, NULL, NULL, NULL, NULL, NULL, NULL),
(247, '0376', 'ANWAR JUNDIY', NULL, NULL, NULL, NULL, NULL, '1', NULL, NULL, NULL, NULL, NULL, NULL, NULL),
(248, '0377', 'FITRIA MUKTI S R', NULL, NULL, NULL, NULL, NULL, '1', NULL, NULL, NULL, NULL, NULL, NULL, NULL),
(249, '0378', 'ERFI NUR AHMAD', NULL, NULL, NULL, NULL, NULL, '1', NULL, NULL, NULL, NULL, NULL, NULL, NULL),
(250, '0379', 'AKUN KURNIAWAN', NULL, NULL, NULL, NULL, NULL, '1', NULL, NULL, NULL, NULL, NULL, NULL, NULL),
(251, '0380', 'ANDRI WAHYUDI', NULL, NULL, NULL, NULL, NULL, '1', NULL, NULL, NULL, NULL, NULL, NULL, NULL),
(252, '0381', 'WAHYU HIDAYATULLAH', NULL, NULL, NULL, NULL, NULL, '1', NULL, NULL, NULL, NULL, NULL, NULL, NULL),
(253, '0382', 'JHON BON JOBI SEMBIRING', NULL, NULL, NULL, NULL, NULL, '1', NULL, NULL, NULL, NULL, NULL, NULL, NULL),
(254, '0383', 'ADITIYA SANTOSO', NULL, NULL, NULL, NULL, NULL, '1', NULL, NULL, NULL, NULL, NULL, NULL, NULL),
(255, '0384', 'ADE LISNA SUKMAWATI', NULL, NULL, NULL, NULL, NULL, '1', NULL, NULL, NULL, NULL, NULL, NULL, NULL),
(256, '0385', 'CAMELLIA NURDINI', NULL, NULL, NULL, NULL, NULL, '1', NULL, NULL, NULL, NULL, NULL, NULL, NULL),
(257, '0386', 'DAHLIA NURPADILAH', NULL, NULL, NULL, NULL, NULL, '1', NULL, NULL, NULL, NULL, NULL, NULL, NULL),
(258, '0387', 'DIAN ERNAWATI', NULL, NULL, NULL, NULL, NULL, '1', NULL, NULL, NULL, NULL, NULL, NULL, NULL),
(259, '0388', 'IIN', NULL, NULL, NULL, NULL, NULL, '1', NULL, NULL, NULL, NULL, NULL, NULL, NULL),
(260, '0389', 'ITA KARNITA', NULL, NULL, NULL, NULL, NULL, '1', NULL, NULL, NULL, NULL, NULL, NULL, NULL),
(261, '0390', 'KANTI SOLUSUL VANI', NULL, NULL, NULL, NULL, NULL, '1', NULL, NULL, NULL, NULL, NULL, NULL, NULL),
(262, '0391', 'LUTFIANA', NULL, NULL, NULL, NULL, NULL, '1', NULL, NULL, NULL, NULL, NULL, NULL, NULL),
(263, '0392', 'MARLINAWATY', NULL, NULL, NULL, NULL, NULL, '1', NULL, NULL, NULL, NULL, NULL, NULL, NULL),
(264, '0393', 'MAYA KURNIA SARI', NULL, NULL, NULL, NULL, NULL, '1', NULL, NULL, NULL, NULL, NULL, NULL, NULL),
(265, '0394', 'MIRTA PAHLI RASYATI', NULL, NULL, NULL, NULL, NULL, '1', NULL, NULL, NULL, NULL, NULL, NULL, NULL),
(266, '0395', 'NUR AFIATI', NULL, NULL, NULL, NULL, NULL, '1', NULL, NULL, NULL, NULL, NULL, NULL, NULL),
(267, '0396', 'RATNA SEPTIYANI', NULL, NULL, NULL, NULL, NULL, '1', NULL, NULL, NULL, NULL, NULL, NULL, NULL),
(268, '0397', 'ROCHMATUL LAELI', NULL, NULL, NULL, NULL, NULL, '1', NULL, NULL, NULL, NULL, NULL, NULL, NULL),
(269, '0398', 'ROSYITA AMALIYA', NULL, NULL, NULL, NULL, NULL, '1', NULL, NULL, NULL, NULL, NULL, NULL, NULL),
(270, '0399', 'SUKMA ARUM FADILAH', NULL, NULL, NULL, NULL, NULL, '1', NULL, NULL, NULL, NULL, NULL, NULL, NULL),
(271, '0400', 'ULFIYANTI', NULL, NULL, NULL, NULL, NULL, '1', NULL, NULL, NULL, NULL, NULL, NULL, NULL),
(272, '0401', 'ULY SARI MAYA', NULL, NULL, NULL, NULL, NULL, '1', NULL, NULL, NULL, NULL, NULL, NULL, NULL),
(273, '0402', 'EKO HIDAYAT', NULL, NULL, NULL, NULL, NULL, '1', NULL, NULL, NULL, NULL, NULL, NULL, NULL),
(274, '0403', 'MUHAMAD RAMDAN', NULL, NULL, NULL, NULL, NULL, '1', NULL, NULL, NULL, NULL, NULL, NULL, NULL),
(275, '0404', 'BAYU ANDI PRATAMA', NULL, NULL, NULL, NULL, NULL, '1', NULL, NULL, NULL, NULL, NULL, NULL, NULL),
(276, '0405', 'LIAN ANDRIANTO', NULL, NULL, NULL, NULL, NULL, '1', NULL, NULL, NULL, NULL, NULL, NULL, NULL),
(277, '0406', 'PAMILIH ADI PRANATA', NULL, NULL, NULL, NULL, NULL, '1', NULL, NULL, NULL, NULL, NULL, NULL, NULL),
(278, '0407', 'ABDUL MUIZ', NULL, NULL, NULL, NULL, NULL, '1', NULL, NULL, NULL, NULL, NULL, NULL, NULL),
(279, '0408', 'RUKHAN FANANI', NULL, NULL, NULL, NULL, NULL, '1', NULL, NULL, NULL, NULL, NULL, NULL, NULL),
(280, '0409', 'SLAMET DWI PRIYO UTOMO', NULL, NULL, NULL, NULL, NULL, '1', NULL, NULL, NULL, NULL, NULL, NULL, NULL),
(281, '0410', 'GINA SONIA', NULL, NULL, NULL, NULL, NULL, '1', NULL, NULL, NULL, NULL, NULL, NULL, NULL),
(282, '0411', 'BIMA PUTRA KINASIH', NULL, NULL, NULL, NULL, NULL, '1', NULL, NULL, NULL, NULL, NULL, NULL, NULL),
(283, '0412', 'RATRI HANDAYANI', NULL, NULL, NULL, NULL, NULL, '1', NULL, NULL, NULL, NULL, NULL, NULL, NULL),
(284, '0413', 'PUTRI MASLAHAT', NULL, NULL, NULL, NULL, NULL, '1', NULL, NULL, NULL, NULL, NULL, NULL, NULL),
(285, '0414', 'AIS PRABOWO', NULL, NULL, NULL, NULL, NULL, '1', NULL, NULL, NULL, NULL, NULL, NULL, NULL),
(286, '0415', 'ARIF AROHMAN ALMAKRUP', NULL, NULL, NULL, NULL, NULL, '1', NULL, NULL, NULL, NULL, NULL, NULL, NULL),
(287, '0416', 'EKO WASISAPUTRA SUJANA', NULL, NULL, NULL, NULL, NULL, '1', NULL, NULL, NULL, NULL, NULL, NULL, NULL),
(288, '0417', 'PREDIANSYAH PRATAMA', NULL, NULL, NULL, NULL, NULL, '1', NULL, NULL, NULL, NULL, NULL, NULL, NULL),
(289, '0418', 'ANDRIANA', NULL, NULL, NULL, NULL, NULL, '1', NULL, NULL, NULL, NULL, NULL, NULL, NULL),
(290, '0419', 'INTAN PURNAMA NASUTION', NULL, NULL, NULL, NULL, NULL, '1', NULL, NULL, NULL, NULL, NULL, NULL, NULL),
(291, '0420', 'USWATUN KHASANAH', NULL, NULL, NULL, NULL, NULL, '1', NULL, NULL, NULL, NULL, NULL, NULL, NULL),
(292, '0421', 'HALIMAH SA`DIAH', NULL, NULL, NULL, NULL, NULL, '1', NULL, NULL, NULL, NULL, NULL, NULL, NULL),
(293, '0422', 'WULAN DARI LUMBAN GAOL', NULL, NULL, NULL, NULL, NULL, '1', NULL, NULL, NULL, NULL, NULL, NULL, NULL),
(294, '0423', 'MIMIN NURHAMZAH', NULL, NULL, NULL, NULL, NULL, '1', NULL, NULL, NULL, NULL, NULL, NULL, NULL),
(295, '0424', 'BADINGATUL BANAT', NULL, NULL, NULL, NULL, NULL, '1', NULL, NULL, NULL, NULL, NULL, NULL, NULL),
(296, '0425', 'PUTRI HANIFAH', NULL, NULL, NULL, NULL, NULL, '1', NULL, NULL, NULL, NULL, NULL, NULL, NULL),
(297, '0426', 'RISQI RAHMAWATI', NULL, NULL, NULL, NULL, NULL, '1', NULL, NULL, NULL, NULL, NULL, NULL, NULL),
(298, '0427', 'IQBAL HANAFI', NULL, NULL, NULL, NULL, NULL, '1', NULL, NULL, NULL, NULL, NULL, NULL, NULL),
(299, '0428', 'MIFTAKHUDIN', NULL, NULL, NULL, NULL, NULL, '1', NULL, NULL, NULL, NULL, NULL, NULL, NULL),
(300, '0429', 'MUHAMAD SYAMSU RIZAL', NULL, NULL, NULL, NULL, NULL, '1', NULL, NULL, NULL, NULL, NULL, NULL, NULL),
(301, '0430', 'WININGSIH', NULL, NULL, NULL, NULL, NULL, '1', NULL, NULL, NULL, NULL, NULL, NULL, NULL),
(302, '0431', 'MAHDAR ARIANSAH', NULL, NULL, NULL, NULL, NULL, '1', NULL, NULL, NULL, NULL, NULL, NULL, NULL),
(303, '0432', 'MUHAMMAD NASRULLOH ASNAWI IHSAN', NULL, NULL, NULL, NULL, NULL, '1', NULL, NULL, NULL, NULL, NULL, NULL, NULL),
(304, '0433', 'TRI BAGUS KARTIKO', NULL, NULL, NULL, NULL, NULL, '1', NULL, NULL, NULL, NULL, NULL, NULL, NULL),
(305, '0434', 'MEGAH AHDY ANUGRAH', NULL, NULL, NULL, NULL, NULL, '1', NULL, NULL, NULL, NULL, NULL, NULL, NULL),
(306, '0435', 'ARI MULYONO', NULL, NULL, NULL, NULL, NULL, '1', NULL, NULL, NULL, NULL, NULL, NULL, NULL),
(307, '0436', 'RINO SEPTYARTO', NULL, NULL, NULL, NULL, NULL, '1', NULL, NULL, NULL, NULL, NULL, NULL, NULL);

-- --------------------------------------------------------

--
-- Table structure for table `material`
--

CREATE TABLE `material` (
  `id` int(11) NOT NULL,
  `kode_material` varchar(20) NOT NULL,
  `nama_material` varchar(150) NOT NULL,
  `spesifikasi` varchar(255) NOT NULL,
  `id_project` varchar(11) NOT NULL,
  `satuan` varchar(11) NOT NULL,
  `status` varchar(1) NOT NULL
) ENGINE=InnoDB DEFAULT CHARSET=latin1;

--
-- Dumping data for table `material`
--

INSERT INTO `material` (`id`, `kode_material`, `nama_material`, `spesifikasi`, `id_project`, `satuan`, `status`) VALUES
(1, '6351-5296', 'RB Cover', 'BLACK,PPBF970A1-6,D55L,D26A,SIWS', '12', '1', '1'),
(2, '6910-8534', 'Bracket', 'NATURAL,PBT-2002,D26A,SIWS', '11', '1', '1'),
(3, '6910-8535', 'Bracket', 'NATURAL,PBT-2002,D26A,SIWS', '11', '1', '1'),
(4, '6920-3567', 'RB Frame', 'BLACK,PPBF970A1-6,D97L,SIWS', '14', '1', '1'),
(5, '7142-6241-30', 'BBM', 'BLACK,PPBJ550-4,T-Project,PASI', '18', '1', '1'),
(6, '7142-6242-30', 'BBM', 'BLACK,PPBJ550-4,T-Project,PASI', '18', '1', '1'),
(7, '7142-6243-51', 'Protector', 'ORANGE,PPBJ550-3,T-PROJECT,PASI', '18', '1', '1'),
(8, '7142-6244-30', 'BBM', 'BLACK,PPBJ550-4,T-Project,PASI', '18', '1', '1'),
(9, '7142-6245-30', 'BBM', 'BLACK,PPBJ550-4,T-Project,PASI', '18', '1', '1'),
(10, '7142-6294-51', 'Protector', 'ORANGE,PPBJ550-2,T-PROJECT,PASI', '18', '1', '1'),
(11, '7142-6336-30', 'BBM', 'BLACK,PPBJ550-4,T-Project,PASI', '18', '1', '1'),
(12, '7152-5603-30', 'Connector Holder', 'BLACK,PPBF970AI-7,665B,PASI', '8', '1', '1'),
(13, '7154-0544-30', 'R/B Block', 'BLACK,PA66+PPE GTX951W-7001,26PL,PASI', '3', '1', '1'),
(14, '7154-0826-30', 'RB Base', 'BLACK,PA66 A0210,T-Project,PASI', '18', '1', '1'),
(15, '7154-7540-30', 'RB FRAME', 'BLACK,PPTC426BT,T-Project,PASI', '18', '1', '1'),
(16, '7154-7542-30', 'RB Cover', 'BLACK,PPTC426BT,T-Project,PASI', '18', '1', '1'),
(17, '7154-7618-30', 'RB Cover', 'BLACK,PPTC426BT,T-Project,PASI', '18', '1', '1'),
(18, '7154-7873-30', 'R/B Cover', 'BLACK,57MNK10-1,T-PROJECT,PASI', '18', '1', '1'),
(19, '7154-7874-30', 'R/B Cover', 'BLACK,57MNK10-1,T-PROJECT,PASI', '18', '1', '1'),
(20, '7154-7940-30', 'R/B Cover', 'BLACK,PP57MNK10-1,T-Project,PASI', '18', '1', '1'),
(21, '7171-1463-30', 'RB Frame', 'BLACK,PP C426BT,T-Project,PASI', '18', '1', '1'),
(22, '7171-2116', 'Protector', 'NATURAL,PPBF970A1,D55L, PASI', '12', '1', '1'),
(23, '7171-2188-30', 'R/B', 'BLACK,PA66GTX951W-7001,670B,PASI', '7', '1', '1'),
(24, '7171-2311-30', 'R/B Block', 'BLACK,PA66+PPE GTX951W-7001,26PL,PASI', '3', '1', '1'),
(25, '7171-5408-30', 'RB Cover', 'BLACK,PP C426BT,T-Project,PASI', '18', '1', '1'),
(26, '7171-6047', 'RB Frame', 'NATURAL,PP57MNK10,T-Project,PASI', '18', '1', '1'),
(27, '7171-6048', 'RB Frame', 'NATURAL,PP57MNK10,T-Project,PASI', '18', '1', '1'),
(28, '7171-6330-30', 'Protector', 'BLACK,PPBF970A1-8,400B,PASI', '5', '1', '1'),
(29, '7171-6334-30', 'Protector', 'BLACK,PBT-1100-204B,400B,PASI', '5', '1', '1'),
(30, '7171-6335-30', 'Protector', 'BLACK,PBT-1100-204B,400B,PASI', '5', '1', '1'),
(31, '7171-6395-30', 'Protector', 'BLACK,PA66+TPE(TR161),775B,PASI', '9', '1', '1'),
(32, '7171-6396-30', 'Protector', 'BLACK,PA66+TPE(TR161),775B,PASI', '9', '1', '1'),
(33, '7171-6443', 'Protector', 'NATURAL,PPBF970A1,D55L,PASI', '12', '1', '1'),
(34, '7171-6444', 'Protector', 'NATURAL,PPBF970A1,D55L,PASI', '12', '1', '1'),
(35, '7171-6511', 'Protector', 'BLACK,PPBF970A1-5,560B,PASI', '6', '1', '1'),
(36, '7171-6512', 'Protector', 'BLACK,PPBF970A1-5,560B,PASI', '6', '1', '1'),
(37, '7171-6516', 'Protector', 'NATURAL,PPBF970A1,560B,PASI', '6', '1', '1'),
(38, '7171-6517', 'Protector', 'NATURAL,PPBF970A1,560B,PASI', '6', '1', '1'),
(39, '7171-6547', 'Protector', 'NATURAL,PPBF970A1,560B,PASI', '6', '1', '1'),
(40, '7171-6548', 'Protector', 'NATURAL,PPBF970A1,560B,PASI', '6', '1', '1'),
(41, '7171-7072-30', 'Protector										', 'BLACK,PPJ715M-1,T-PROJECT,PASI', '18', '1', '1'),
(42, '7171-8385', 'Protector', 'NATURAL,PPBF970A1,D55L,PASI', '12', '1', '1'),
(43, '7171-8403-30', 'Protector', 'BLACK,PPBF970A1-5,670B,PASI', '7', '1', '1'),
(44, '7171-9408-30', 'RB Cover', 'BLACK,PP C426BT,T-Project,PASI', '18', '1', '1'),
(45, '7173-2669', 'Protector', 'NATURAL,PPBJ500,T-Project,PASI', '18', '1', '1'),
(46, '7173-2680', 'Protector', 'NATURAL,PP57MNK10,T-PROJECT,PASI', '18', '1', '1'),
(47, '7173-2688', 'Protector', 'NATURAL,PP57MNK10,T-Project,PASI', '18', '1', '1'),
(48, '7173-2786', 'Protector', 'NATURAL,PP57MNK10-T-PROJECT,PASI', '18', '1', '1'),
(49, '7173-3016-30', 'Protector', 'BLACK,PPBJ500-1,T-Project,PASI', '18', '1', '1'),
(50, '7173-3018-30', 'Protector', 'BLACK,PPBJ500-1,T-Project,PASI', '18', '1', '1'),
(51, '7173-4797-30', 'Protector', 'BLACK,PP BJ550,XC2B,PASI', '19', '1', '1'),
(52, '7173-4799-30', 'Protector', 'BLACK,PP BJ550,XC2B,PASI', '19', '1', '1'),
(53, '7176-0044-30', 'Protector', 'BLACK,PA66A3W,T-Project,PASI', '18', '1', '1'),
(54, '7176-0045-30', 'Protector', 'BLACK,PA66A3W,T-Project,PASI', '18', '1', '1'),
(55, '7176-0190-30', 'Protector', 'BLACK,PPBF970A1-8,150B,PASI', '1', '1', '1'),
(56, '7176-0192-30', 'Protector 										', 'BLACK,PPBF970A1-8,150B,PASI', '1', '1', '1'),
(57, '7176-0194-30', 'Protector', 'BLACK,PPBF970A1-8,150B,PASI', '1', '1', '1'),
(58, '7176-0196-30', 'Protector										', 'BLACK,PPBF970A1-8,150B,PASI', '1', '1', '1'),
(59, '7176-0198-30', 'Protector										', 'BLACK,PPBF970A1-8,150B,PASI', '1', '1', '1'),
(60, '7176-0200-30', 'Protector', 'BLACK,PPC616WT,T-Project,PASI', '18', '1', '1'),
(61, '7176-0202-30', 'Protector', 'BLACK,PPBF970A1-8,150B,PASI', '1', '1', '1'),
(62, '7176-0205-30', 'Protector', 'BLACK,PPBF970AI-8,150B,PASI', '1', '1', '1'),
(63, '7176-0206-30', 'Protector', 'BLACK,PPBF970A1-8,150B,150B,PASI', '1', '1', '1'),
(64, '7176-0208-30', 'Protector', 'BLACK,PPBF970A1-8,150B,PASI', '1', '1', '1'),
(65, '7176-0452-30', 'Protector', 'BLACK,PA66A3W,T-Project,PASI', '18', '1', '1'),
(66, '7176-0920-50', 'Protector', 'ORANGE,PA66+TPE(TR161)-2,T-PROJECT,PASI', '18', '1', '1'),
(67, '7176-0922-50', 'Protector', 'ORANGE,PA66+TPE(TR161)-2,T-Project,PASI', '18', '1', '1'),
(68, '7176-1180', 'Protector', 'NATURAL,PPBJ500,T-Project,PASI', '18', '1', '1'),
(69, '7176-1716-30', 'Protector', 'BLACK,PA66 A0230,T-PROJECT,PASI', '18', '1', '1'),
(70, '7176-1722-30', 'Protector', 'BLACK,PA66 A0230,T-Project,PASI', '18', '1', '1'),
(71, '7176-2272-30', 'Protector', 'BLACK,PPBF970A1-8,150B,PASI', '1', '1', '1'),
(72, '7176-2274-30', 'Protector', 'BLACK,PA66A3W,150B,PASI', '1', '1', '1'),
(73, '7176-2275-30', 'Protector', 'BLACK,PPBF970A1-8,150B,PASI', '1', '1', '1'),
(74, '7176-2448-30', 'Protector', 'BLACK,PPBF970A1-8,150B,PASI', '1', '1', '1'),
(75, '7176-2450-30', 'Protector', 'BLACK,PPBF970A1-8,150B,150B,PASI', '1', '1', '1'),
(76, '7176-2452-30', 'Protector', 'BLACK,PA66A3W,150B,PASI', '1', '1', '1'),
(77, '7176-2454-30-A', 'Protector', 'BLACK,PA66A3W,150B,PASI', '1', '1', '1'),
(78, '7176-2469-30', 'Protector', 'BLACK,PPBF970A1-8,150B,PASI', '1', '1', '1'),
(79, '7176-2470-30', 'Protector 										', 'BLACK,PPBF970A1-8,150B,PASI', '1', '1', '1'),
(80, '7176-2472-30', 'Protector										', 'BLACK,PPBF970A1-8,150B,PASI', '1', '1', '1'),
(81, '7176-2476-30', 'Protector										', 'BLACK,PPBF970A1-5,150B,PASI										', '1', '1', '1'),
(82, '7176-2479-30', 'Protector', 'BLACK,PPBF970A1-8,150B,PASI', '1', '1', '1'),
(83, '7176-2481-30', 'Protector', 'BLACK,PPBF970A1-8,150B,PASI', '1', '1', '1'),
(84, '7176-2483-30', 'Protector', 'BLACK,PA66A3W,150B,PASI', '1', '1', '1'),
(85, '7176-2488-30', 'Protector', 'BLACK,PPBF970A1-8,150B,PASI', '1', '1', '1'),
(86, '7176-3540-30', 'Protector', 'BLACK,PPBF970A1-8,400B,PASI', '5', '1', '1'),
(87, '7176-4122-30', 'Protector', 'BLACK,PA66A3W,400B,PASI', '5', '1', '1'),
(88, '7176-4683-30', 'Protector', 'BLACK,PA66A3W,400B,PASI', '5', '1', '1'),
(89, '7176-4684-30', 'Protector', 'BLACK,PPBF970A1-8,400B,PASI', '5', '1', '1'),
(90, '7176-4735-30', 'Protector', 'BLACK,PA66+TPE(TR161),775B,PASI', '9', '1', '1'),
(91, '7176-4736-30', 'Protector', 'BLACK,PA66+TPE(TR161),775B,PASI', '9', '1', '1'),
(92, '7176-5263-30', 'Protector										', 'BLACK,PPBF970A1-2,3M0,PASI', '4', '1', '1'),
(93, '7176-5264-30', 'Protector										', 'BLACK,PPBF970A1-2,3M0,PASI', '4', '1', '1'),
(94, '7176-5265-30', 'Protector										', 'BLACK,PPBF970A1-2,3M0,PASI', '4', '1', '1'),
(95, '7176-5399-30', 'Protector', 'BLACK,PPBF970A1-7,D55L,PASI', '12', '1', '1'),
(96, '7176-5458-30', 'Protector', 'BLACK,PPBF970A1-5,670B,PASI', '7', '1', '1'),
(97, '7176-5459-30', 'Protector', 'BLACK,PPBF970A1-5,670B,PASI', '7', '1', '1'),
(98, '7176-5460-30', 'Protector', 'BLACK,PPBF970A1-5,670B,PASI', '7', '1', '1'),
(99, '7176-5464-30', 'Protector', 'BLACK,PPBF970A1-5,670B,PASI', '7', '1', '1'),
(100, '7176-5466-30', 'Protector', 'BLACK,PPBF970A1-5,670B,PASI', '7', '1', '1'),
(101, '7176-5468-30', 'Protector', 'BLACK,PPBF970A1-5,670B,PASI', '7', '1', '1'),
(102, '7176-5558-30', 'Protector', 'BLACK,PPBF970A1-7,D26A,PASI', '11', '1', '1'),
(103, '7176-5558-30', 'Protector', 'BLACK,PPBF970A1-7,D26A,PASI', '11', '1', '1'),
(104, '7176-5559-30', 'Protector', 'BLACK,PPBF970A1-7,D26A,PASI', '11', '1', '1'),
(105, '7176-5594-99', 'Clamp Outer', 'BLACK,PPBF970A1-9,670B,PASI', '7', '1', '1'),
(106, '7176-5595-99', 'Clamp Outer', 'BLACK,PPBF970A1-9,670B,PASI', '7', '1', '1'),
(107, '7176-5598', 'Protector', 'NATURAL,POM(NW-02),670B,PASI', '7', '1', '1'),
(108, '7176-5599', 'Protector', 'NATURAL,POM(NW-02),670B,PASI', '7', '1', '1'),
(109, '7176-5600', 'Protector', 'NATURAL,PPBF970A1,670B,PASI', '7', '1', '1'),
(110, '7176-5601', 'Protector', 'NATURAL,PPBF970A1,670B,PASI', '7', '1', '1'),
(111, '7176-5602', 'Holder', 'NATURAL,POM(NW-02),670B,PASI', '7', '1', '1'),
(112, '7176-6286-30', 'Protector', 'BLACK,PPA66A3W,168D,PASI', '2', '1', '1'),
(113, '7176-6299-30', 'Protector', 'BLACK,PPBF970A1-7,T50,PASI', '16', '1', '1'),
(114, '7176-6334-30', 'Protector', 'BLACK,PPBF970A1-5,560B,PASI', '6', '1', '1'),
(115, '7176-6336-30', 'Protector', 'BLACK,PA66A3W,560B,PASI', '6', '1', '1'),
(116, '7176-6342-30', 'Protector', 'BLACK,PPBF970A1-5,560B,PASI', '6', '1', '1'),
(117, '7176-6351-30', 'Protector', 'BLACK,PPBF970A1-7,560B,PASI', '6', '1', '1'),
(118, '7176-6366-30', 'Protector', 'BLACK,PA66A3W,560B,PASI', '6', '1', '1'),
(119, '7176-6380-30', 'Protector', 'BLACK,PA66A3W,900B,PASI', '10', '1', '1'),
(120, '7176-6383-30', 'Protector', 'BLACK,PA66A3W,900B,PASI', '10', '1', '1'),
(121, '7176-6387', 'Protector', 'NATURAL,PPBF970A1,900B,PASI', '10', '1', '1'),
(122, '7176-6388-30', 'Protector', 'BLACK,PPBF970A1-7,900B,PASI', '10', '1', '1'),
(123, '7176-6390-30', 'Protector', 'BLACK,PA66+TPE TR161,900B,PASI', '10', '1', '1'),
(124, '7176-6405-30', 'Protector', 'BLACK,PPBF970A1-5,900B,PASI', '10', '1', '1'),
(125, '7176-6406-30', 'Protector', 'BLACK,PPBF970A1-5,900B,PASI', '10', '1', '1'),
(126, '7176-6414-30', 'Protector', 'BLACK,PA66A3W,900B,PASI', '10', '1', '1'),
(127, '7176-6540-30', 'Protector 										', 'BLACK,PPBF970A1-5,670B,PASI', '7', '1', '1'),
(128, '7184-6031-30', 'Protector', 'BLACK,PPA66FR250,T-Project,PASI', '18', '1', '1'),
(129, '7184-6033-30', 'Protector', 'BLACK,PPA66FR250,T-Project,PASI', '18', '1', '1'),
(130, '7184-6336-30', 'Protector', 'BLACK,PPBJ550,T-Project,PASI', '18', '1', '1'),
(131, '7184-6366-30', 'Protector', 'BLACK,PPC606W,T-Project,PASI', '18', '1', '1'),
(132, '7184-7952-30', 'Protector', 'BLACK,PPJ5715M-1,T-PROJECT,PASI', '18', '1', '1'),
(133, '7184-8359-30', 'Protector', 'BLACK,PPC606W,Tenma,PASI', '17', '1', '1'),
(134, '7184-8360-30', 'Protector', 'BLACK,PPC606W,Tenma,PASI', '17', '1', '1'),
(135, '7184-8361-30', 'Protector', 'BLACK,PPC606W,Tenma,PASI', '17', '1', '1'),
(136, '7184-8362-30', 'Protector', 'BLACK,PPC606W,Tenma,PASI', '17', '1', '1'),
(137, '7184-8456-30', 'Protector', 'BLACK,PPBJ500-2,Tenma,PASI', '17', '1', '1'),
(138, '7184-9427', 'Protector', 'NATURAL,PP57MNK10,T-Project,PASI', '18', '1', '1'),
(139, '7184-9428', 'Protector', 'NATURAL,PP57MNK10,T-Project,PASI', '18', '1', '1'),
(140, '7184-9430', 'Protector										', 'NATURAL,PP57MNK10,T-Project,PASI', '18', '1', '1'),
(141, '7184-9431', 'Protector', 'NATURAL,PP57MNK10,T-Project,PASI', '18', '1', '1'),
(142, '7184-9432', 'Protector', 'NATURAL,PP57MNK10,T-PROJECT,PASI', '18', '1', '1'),
(143, '7184-9433', 'Protector', 'NATURAL,PP57MNK10,T-PROJECT,PASI', '18', '1', '1'),
(144, '7184-9434', 'Protector', 'NATURAL,PP57MNK10,T-Project,PASI', '18', '1', '1'),
(145, '7184-9435', 'Protector', 'NATURAL,PP57MNK10,T-PROJECT,PASI', '18', '1', '1'),
(146, '7184-9440', 'Protector', 'NATURAL,PP57MNK10,T-Project,PASI', '18', '1', '1'),
(147, '7184-9441', 'Protector', 'NATURAL,PP57MNK10,T-PROJECT,PASI', '18', '1', '1'),
(148, '7184-9443-30', 'Protector', 'BLACK,PA66A3W,T-PROJECT,PASI', '18', '1', '1'),
(149, '7184-9461-30', 'Protector', 'BLACK, PA66A3W,T-Project, PASI', '18', '1', '1'),
(150, '7184-9462-30', 'Protector', 'BLACK,PA66A3W,T-Project,PASI', '18', '1', '1'),
(151, '7184-9473-30', 'Protector										', 'BLACK,PPA66A3W,T-PROJECT,PASI', '18', '1', '1'),
(152, '7184-9474-30', 'Protector										', 'BLACK,PPA66A3W,T-PROJECT,PASI', '18', '1', '1'),
(153, '7184-9603', 'Protector', 'NATURAL,PPBJ500,T-PROJECT,PASI', '18', '1', '1'),
(154, '7184-9691', 'Protector', 'NATURAL,PP57MNK10,T-PROJECT,PASI', '18', '1', '1'),
(155, '7184-9829-30', 'Protector 										', 'BLACK,PA66A3W,T-Project,PASI', '18', '1', '1'),
(156, '7184-9833-30', 'Protector										', 'BLACK,PA66A3W,T-Project,PASI', '18', '1', '1'),
(157, '7184-9837-30', 'Protector										', 'BLACK,PA66A3W,T-Project,PASI', '18', '1', '1'),
(158, '7184-9839-30', 'Protector 										', 'BLACK,PA66A3W,T-Project,PASI', '18', '1', '1'),
(159, '7185-0273-51', 'Protector', 'ORANGE,PPBJ550-3,T-PROJECT,PASI', '18', '1', '1'),
(160, '7242-6333-30', 'BBM', 'BLACK,PPBJ550-4,T-Project,PASI', '18', '1', '1'),
(161, '7242-6334-30', 'BBM', 'BLACK,PPBJ550-4,T-Project,PASI', '18', '1', '1'),
(162, '7242-6339-30', 'BBM', 'BLACK,PPBJ550-4,T-Project,PASI', '18', '1', '1'),
(163, '7242-6340-30', 'BBM', 'BLACK,PPBJ550-4,T-Project,PASI', '18', '1', '1'),
(164, '7254-0955-30', 'RB Base', 'BLACK,PA66+PPE GTX951W,T-Project,PASI', '18', '1', '1'),
(165, '7254-7988-3W', 'RB Cover', 'BLACK,PPTD10,T-Project,PASI', '18', '1', '1'),
(166, '7271-1295-3W', 'RB Frame', 'BLACK,PPTD10,T-Project,PASI', '18', '1', '1'),
(167, '7271-1296-3W', 'RB Base', 'BLACK,PA66+PPE GTX951W,T-Project,PASI', '18', '1', '1'),
(168, '7271-1297-3W', 'RB FRAME', 'BLACK,PPTD10,T-Project,PASI', '18', '1', '1'),
(169, '7271-1413-3W', 'RB Frame', 'BLACK,PPTD10,T-Project,PASI', '18', '1', '1'),
(170, '7271-1414-3W', 'RB Frame', 'BLACK,PPTD10,T-Project,PASI', '18', '1', '1'),
(171, '7271-1441-3W', 'RB Frame', 'BLACK,PPTD10,T-Project,PASI', '18', '1', '1'),
(172, '7271-1596-3W', 'RB Frame', 'BLACK,PPTD10,T-Project,PASI', '18', '1', '1'),
(173, '7271-1597-3W', 'RB Frame', 'BLACK,PPTD10,T-Project,PASI', '18', '1', '1'),
(174, '7271-1884-3W', 'RB Frame', 'BLACK,PPTD10,570B,PASI', '20', '1', '1'),
(175, '7271-1888-3W', 'RB Frame', 'BLACK,PPTD10,570B,PASI', '20', '1', '1'),
(176, '7271-2146-3W', 'RB FRAME', 'BLACK,PPTD10,670B,PASI', '7', '1', '1'),
(177, '7271-2185-3W', 'R/B Frame', 'BLACK,PPTD10,670B,PASI', '7', '1', '1'),
(178, '7271-2304-3W', 'R/B Frame', 'BLACK,PPTD10,670B,PASI', '7', '1', '1'),
(179, '7271-2306-3W', 'RB Frame', 'BLACK,PPTD10,26PL,PASI', '3', '1', '1'),
(180, '7271-2330-3W', 'R/B Frame', 'BLACK,PPTD10,560B,PASI', '6', '1', '1'),
(181, '7271-2331-3W', 'R/B Frame', 'BLACK,PPTD10,560B,PASI', '6', '1', '1'),
(182, '7271-6331-3W', 'Protector', 'BLACK,PPBF970A1-5,400B,PASI', '5', '1', '1'),
(183, '7271-6481-3W', 'Protector', 'BLACK,PPBF970A1-5,670B,PASI', '7', '1', '1'),
(184, '7271-7090-3W', 'RB Cover', 'BLACK,PPTD10,T-PROJECT,PASI', '18', '1', '1'),
(185, '7271-7231-3W', 'Connector Holder', 'BLACK,PPTC426BT,MS2,PASI', '15', '1', '1'),
(186, '7271-7257-3W', 'RB COVER', 'BLACK,PPTD10,670B,PASI', '7', '1', '1'),
(187, '7271-7278-3W', 'R/B Cover', 'BLACK,PPTD10,670B,PASI', '7', '1', '1'),
(188, '7271-7280-3W', 'RB Cover', 'BLACK,PA66+PPE GTX951W-7001,26PL,PASI', '3', '1', '1'),
(189, '7271-8354-3W', 'RB COVER', 'BLACK,PPTD10,670B,PASI', '7', '1', '1'),
(190, '7273-2679-0W', 'Protector', 'NATURAL,PP57MNK10,T-Project,PASI', '18', '1', '1'),
(191, '7273-2800-3W', 'Protector', 'BLACK,PPBJ500-1,T-Project,PASI', '18', '1', '1'),
(192, '7273-2801-3W', 'Protector', 'BLACK,PPBJ500-1,T-Project,PASI', '18', '1', '1'),
(193, '7273-3015-3W', 'Protector', 'BLACK,PPBJ500-1,T-Project,PASI', '18', '1', '1'),
(194, '7273-3017-3W', 'Protector', 'BLACK,PPBJ500-1,T-Project,PASI', '18', '1', '1'),
(195, '7273-3067-30', 'Protector', 'BLACK,PPBJ500-1,T-Project,PASI', '18', '1', '1'),
(196, '7273-3068-30', 'Protector', 'BLACK,PPBJ500-1,T-Project,PASI', '18', '1', '1'),
(197, '7273-4796-3W', 'Protector', 'BLACK,PP BJ550,XC2B,PASI', '19', '1', '1'),
(198, '7273-4798-3W', 'Protector', 'BLACK,PP BJ550,XC2B,PASI', '19', '1', '1'),
(199, '7273-6389-30', 'Protector', 'BLACK,PA66+TPE TR161,900B,PASI', '10', '1', '1'),
(200, '7276-0191-3W', 'Protector', 'BLACK,PPBF970A1-8,150B,PASI', '1', '1', '1'),
(201, '7276-0207-3W', 'Protector', 'BLACK,PPBF970A1-8,150B,PASI	', '1', '1', '1'),
(202, '7276-0236-5W', 'Protector', 'ORANGE,PP8726RT TH,T-PROJECT,PASI', '18', '1', '1'),
(203, '7276-0242-5W', 'Protector', 'ORANGE,PP8726RT TH,T-Project,PASI', '18', '1', '1'),
(204, '7276-0451-3W', 'Protector', 'BLACK,PA66A3W,T-Project,PASI', '18', '1', '1'),
(205, '7276-0615-3W', 'Protector', 'BLACK,PPBF970A1-8,150B,PASI', '1', '1', '1'),
(206, '7276-0616-3W', 'Protector', 'BLACK,PPBF970A1-8,150B,PASI', '1', '1', '1'),
(207, '7276-0617-3W', 'Protector', 'BLACK,PPBF970AI-5,150B,PASI										', '1', '1', '1'),
(208, '7276-0618-3W', 'Protector', 'BLACK,PPBF970A1-8,150B,PASI', '1', '1', '1'),
(209, '7276-0619-3W', 'Protector', 'NATURAL,PPC6162t,T-Project,PASI', '18', '1', '1'),
(210, '7276-0620-3W', 'Protector', 'BLACK,PPBF970A1-8,150B,PASI', '1', '1', '1'),
(211, '7276-1715-3W', 'Protector', 'BLACK,PA66 A0230,T-PROJECT,PASI', '18', '1', '1'),
(212, '7276-1721-3W', 'Protector', 'BLACK,PA66 A0230,T-Project,PASI', '18', '1', '1'),
(213, '7276-2032-5W', 'Protector', 'ORANGE,PA66+TPE(TR161)-2,T-PROJECT,PASI', '18', '1', '1'),
(214, '7276-2033-5W', 'Protector', 'ORANGE,PA66+TPE(TR161)-2,T-Project,PASI', '18', '1', '1'),
(215, '7276-2271-3W', 'Protector', 'BLACK,PPBF970A1-8,150B,PASI', '1', '1', '1'),
(216, '7276-2273-3W', 'Protector', 'BLACK,PA66A3W,150B,PASI', '1', '1', '1'),
(217, '7276-2447-3W', 'Protector', 'BLACK,PPBF970A1-8,150B,PASI', '1', '1', '1'),
(218, '7276-2449-3W', 'Protector 	', 'BLACK,PPBF970A1-8,150B,PASI', '1', '1', '1'),
(219, '7276-2451-3W', 'Protector', 'BLACK,PA66A3W,150B,PASI', '1', '1', '1'),
(220, '7276-2453-3W-A', 'Protector', 'BLACK,PA66A3W,150B,PASI', '1', '1', '1'),
(221, '7276-2468-3W', 'Protector', 'BLACK,PPBF970A1-8,150B,PASI', '1', '1', '1'),
(222, '7276-2471-3W', 'Protector', 'BLACK,PPC616WT,150B,PASI', '1', '1', '1'),
(223, '7276-2475-3W', 'Protector							', 'BLACK,PPBF970A1-8,150B,PASI', '1', '1', '1'),
(224, '7276-2480-3W', 'Protector', 'BLACK,PPBF970A1-8,150B,PASI', '1', '1', '1'),
(225, '7276-2482-3W', 'Protector', 'BLACK,PA66A3W,150B,PASI', '1', '1', '1'),
(226, '7276-2484-3W', 'Protector										', 'BLACK,PA66A3W,150B,PASI', '1', '1', '1'),
(227, '7276-2485-3W', 'Protector', 'BLACK,PA66A3W,150B,PASI', '1', '1', '1'),
(228, '7276-3732-3W', 'Protector', 'BLACK,PPBF970A1-8,150B,PASI', '1', '1', '1'),
(229, '7276-5262-3W', 'Protector										', 'BLACK,PPBF970A1-2,3M0,PASI', '4', '1', '1'),
(230, '7276-5457-3W', 'Protector', 'BLACK,PPBF970A1-5,670B,PASI', '7', '1', '1'),
(231, '7276-5461-3W', 'Protector', 'BLACK,PPBF970A1-5,670B,PASI', '7', '1', '1'),
(232, '7276-5463-3W', 'Protector', 'BLACK,PPBF970A1-5,670B,PASI', '7', '1', '1'),
(233, '7276-5465-3W', 'Protector', 'BLACK,PPBF970A1-5,670B,PASI', '7', '1', '1'),
(234, '7276-5467-3W', 'Protector', 'BLACK,PPBF970A1-5,670B,PASI', '7', '1', '1'),
(235, '7276-5592-0W', 'Protector', 'NATURAL,PPBF970A1,670B,PASI', '7', '1', '1'),
(236, '7276-5593-0W', 'Protector', 'NATURAL,PPBF970A1,670B,PASI', '7', '1', '1'),
(237, '7276-5596-99', 'Clamp Outer', 'BLACK,PPBF970A1-9,670B,PASI', '7', '1', '1'),
(238, '7276-5597-99', 'Clamp Outer', 'BLACK,PPBF970A1-9,670B,PASI', '7', '1', '1'),
(239, '7276-6298-3W', 'Protector', 'BLACK,PPBF970A1-7,T50,PASI', '16', '1', '1'),
(240, '7276-6333-3W', 'Protector', 'BLACK,PPBF970A1-5,560B,PASI', '6', '1', '1'),
(241, '7276-6335-3W', 'Protector', 'BLACK,PPBF970A1-5,560B,PASI', '6', '1', '1'),
(242, '7276-6341-3W', 'Protector', 'BLACK,PPBF970A1-5,560B,PASI', '6', '1', '1'),
(243, '7276-6345-3W', 'Protector', 'BLACK,PPBF970A1-5,560B,PASI', '6', '1', '1'),
(244, '7276-6365-3W', 'Protector', 'BLACK,PA66A3W,560B,PASI', '6', '1', '1'),
(245, '7276-6379-3W', 'Protector', 'BLACK,PA66A3W,900B,PASI', '10', '1', '1'),
(246, '7276-6382-3W', 'Protector', 'BLACK,PA66A3W,900B,PASI', '10', '1', '1'),
(247, '7276-6403-3W', 'Protector', 'NATURAL,PPBF970A1,900B,PASI', '10', '1', '1'),
(248, '7276-6404-3W', 'Protector', 'BLACK,PPBF970A1-5,900B,PASI', '10', '1', '1'),
(249, '7276-6413-3W', 'Protector', 'BLACK,PA66A3W,900B,PASI', '10', '1', '1'),
(250, '7276-6539-3W', 'Protector 										', 'BLACK,PPBF970A1-5,670B,PASI', '7', '1', '1'),
(251, '7284-6030-3W', 'Protector', 'BLACK,PA66FR250,T-Project,PASI', '18', '1', '1'),
(252, '7284-6032-3W', 'Protector', 'BLACK,PA66FR250,T-Project,PASI', '18', '1', '1'),
(253, '7284-8455-3W', 'Protector', 'BLACK,PPBJ500-2,Tenma,PASI', '17', '1', '1'),
(254, '7284-8457-3W', 'Protector', 'BLACK,PPBJ500-2,Tenma,PASI', '17', '1', '1'),
(255, '7284-8829-3W', 'Protector', 'BLACK,PPBJ500-2,Tenma,PASI', '17', '1', '1'),
(256, '7284-8830-30', 'Protector', 'BLACK,PPBJ500-2,Tenma,PASI', '17', '1', '1'),
(257, '7284-9442-3W', 'Protector', 'BLACK,PA66A3W,T-PROJECT,PASI', '18', '1', '1'),
(258, '7284-9444-3W', 'Protector', 'BLACK,PA66A3W,T-PROJECT,PASI', '18', '1', '1'),
(259, '7284-9830-3W', 'Protector', 'BLACK,PA66A3W,T-Project,PASI', '18', '1', '1'),
(260, '7284-9834-3W', 'Protector', 'BLACK,PPC606W,T-Project,PASI', '18', '1', '1'),
(261, '7284-9835-3W', 'Protector', 'BLACK,PPC606W,T-PROJECT,PASI', '18', '1', '1'),
(262, '7284-9836-3W', 'Protector', 'BLACK,PA66A3W,T-Project,PASI', '18', '1', '1'),
(263, '7284-9838-3W', 'Protector', 'BLACK,PA66A3W,T-Project,PASI', '18', '1', '1');

-- --------------------------------------------------------

--
-- Table structure for table `mesin`
--

CREATE TABLE `mesin` (
  `id` int(11) NOT NULL,
  `no_mesin` varchar(10) NOT NULL,
  `tonnage` varchar(10) DEFAULT NULL,
  `status` varchar(1) DEFAULT NULL
) ENGINE=InnoDB DEFAULT CHARSET=latin1;

--
-- Dumping data for table `mesin`
--

INSERT INTO `mesin` (`id`, `no_mesin`, `tonnage`, `status`) VALUES
(1, '12#', '380T', '1'),
(2, '16#', '300H', '1'),
(3, '16#', '380T', '1'),
(4, '18#', '530T', '1'),
(5, '207#', '160T', '1'),
(6, '207#', '160T', '1'),
(7, '207#', '160T', '1'),
(8, '207#', '160T', '1'),
(9, '207#', '160T', '1'),
(10, '207#', '250T', '1'),
(11, '207#', '160T', '1'),
(12, '207#', '380 T', '1'),
(13, '207#', '250 T', '1'),
(14, '207#', '160T', '1'),
(15, '208#', '250T', '1'),
(16, '208#', '380T', '1'),
(17, '208#', '250 T', '1'),
(18, '208#', '280T', '1'),
(19, '208#', '160T', '1'),
(20, '208#', '280T', '1'),
(21, '208#', '380 T', '1'),
(22, '208#', '280T', '1'),
(23, '209#', '380 T', '1'),
(24, '209#', '380 T', '1'),
(25, '209#', '380T', '1'),
(26, '209#', '380T', '1'),
(27, '209#', '600T', '1'),
(28, '209#', '380T', '1'),
(29, '209#', '280T', '1'),
(30, '209#', '380 T', '1'),
(31, '209#', '160T', '1'),
(32, '210#', '280T', '1'),
(33, '210#', '300H', '1'),
(34, '210#', '530T', '1'),
(35, '210#', '380T', '1'),
(36, '210#', '380 T', '1'),
(37, '210#', '600T', '1'),
(38, '210#', '380T', '1'),
(39, '211#', '250T', '1'),
(40, '213#', '380T', '1'),
(41, '213#', '160T', '1'),
(42, '213#', '250 T', '1'),
(43, '213#', '250T', '1'),
(44, '213#', '530T', '1'),
(45, '213#', '280T', '1'),
(46, '214#', '380T', '1'),
(47, '214#', '530T', '1'),
(48, '214#', '600T', '1'),
(49, '214#', '300H', '1'),
(50, '219#', '380T', '1'),
(51, '220#', '380 T', '1'),
(52, '220#', '280T', '1'),
(53, '220#', '250T', '1'),
(54, '220#', '530T', '1'),
(55, '220#', '380T', '1'),
(56, '220#', '380T', '1'),
(57, '220#', '600T', '1'),
(58, '220#0', '380T', '1'),
(59, '221#', '380T', '1'),
(60, '221#', '530T', '1'),
(61, '221#', '380 T', '1'),
(62, '221#', '250T', '1'),
(63, '221#', '280T', '1'),
(64, '221#', '380T', '1'),
(65, '222#', '380T', '1'),
(66, '2221#', '380T', '1'),
(67, '250#', '380 T', '1'),
(68, '250#', '380T', '1'),
(69, '250#', '380T', '1'),
(70, '250#', '280T', '1'),
(71, '250#', '250T', '1'),
(72, '250#', '600T', '1'),
(73, '273#', '160T', '1'),
(74, '278#', '250T', '1'),
(75, '278#', '160T', '1'),
(76, '278#', '160T', '1'),
(77, '280#', '280T', '1'),
(78, '293#', '160T', '1'),
(79, '293#', '250T', '1'),
(80, '314#', '160T', '1'),
(81, '314#', '250T', '1'),
(82, '314#', '280T', '1'),
(83, '314#', '380T', '1'),
(84, '314#', '250 T', '1'),
(85, '332#', '250T', '1'),
(86, '332#', '250 T', '1'),
(87, '332#', '250T', '1'),
(88, '341#', '160T', '1'),
(89, '341#', '90T', '1'),
(90, '342#', '160T', '1'),
(91, '342#', '250T', '1'),
(92, '342#', '180T', '1'),
(93, '350#', '250T', '1'),
(94, '350#', '160T', '1'),
(95, '351#', '160T', '1'),
(96, '351#', '250T', '1'),
(97, '352#', '280T', '1'),
(98, '352#', '380T', '1'),
(99, '352#', '470T', '1'),
(100, '352#', '600T', '1'),
(101, '352#', '530T', '1'),
(102, '353#', '600T', '1'),
(103, '353#', '380T', '1'),
(104, '353#', '470T', '1'),
(105, '353#', '800T', '1'),
(106, '353#', '530T', '1'),
(107, '368#', '600T', '1'),
(108, '368#', '160T', '1'),
(109, '369#', '160T', '1'),
(110, '369#', '600T', '1'),
(111, '370#', '160T', '1'),
(112, '370#', '250T', '1'),
(113, '371#', '250 T', '1'),
(114, '371#', '250T', '1'),
(115, '371#', '160T', '1'),
(116, '372#', '160T', '1'),
(117, '372#', '250 T', '1'),
(118, '372#', '250T', '1'),
(119, '372#', '380T', '1'),
(120, '373#', '250T', '1'),
(121, '373#', '380T', '1'),
(122, '374#', '380T', '1'),
(123, '374#', '280T', '1'),
(124, '375#', '380T', '1'),
(125, '375#', '250T', '1'),
(126, '375#', '280T', '1'),
(127, '376#', '380T', '1'),
(128, '376#', '470T', '1'),
(129, '377#', '530T', '1'),
(130, '377#', '280T', '1'),
(131, '377#', '380T', '1'),
(132, '378#', '280T', '1'),
(133, '409#', '250T', '1'),
(134, '9#', '380T', '1');

-- --------------------------------------------------------

--
-- Table structure for table `project`
--

CREATE TABLE `project` (
  `id` int(11) NOT NULL,
  `kode_project` varchar(11) NOT NULL,
  `nama_project` varchar(150) DEFAULT NULL,
  `status` int(1) DEFAULT NULL
) ENGINE=InnoDB DEFAULT CHARSET=latin1;

--
-- Dumping data for table `project`
--

INSERT INTO `project` (`id`, `kode_project`, `nama_project`, `status`) VALUES
(1, '150B', '150B', 1),
(2, '168D', '168D', 1),
(3, '26PL', '26PL', 1),
(4, '3MO', '3MO', 1),
(5, '400B', '400B', 1),
(6, '560B', '560B', 1),
(7, '670B', '670B', 1),
(8, '665B', '665B', 1),
(9, '775B', '775B', 1),
(10, '900B', '900B', 1),
(11, 'D26A', 'D26A', 1),
(12, 'D55L', 'D55L', 1),
(13, 'D55L2', 'D55L2', 1),
(14, 'D97L', 'D97L', 1),
(15, 'MS2', 'MS2', 1),
(16, 'T50', 'T50', 1),
(17, 'TENMA', 'TENMA', 1),
(18, 'T-PROJECT', 'T-PROJECT', 1),
(19, 'XC2B', 'XC2B', 1),
(20, '570B', '570B', 1);

-- --------------------------------------------------------

--
-- Table structure for table `satuan`
--

CREATE TABLE `satuan` (
  `id` int(11) NOT NULL,
  `kode_satuan` varchar(10) NOT NULL,
  `nama_satuan` varchar(10) NOT NULL,
  `status` varchar(1) NOT NULL
) ENGINE=InnoDB DEFAULT CHARSET=latin1;

--
-- Dumping data for table `satuan`
--

INSERT INTO `satuan` (`id`, `kode_satuan`, `nama_satuan`, `status`) VALUES
(1, 'Pcs', 'Pcs', '1');

-- --------------------------------------------------------

--
-- Table structure for table `transaksi`
--

CREATE TABLE `transaksi` (
  `id` int(11) NOT NULL,
  `kode` varchar(16) COLLATE utf8_unicode_ci NOT NULL,
  `tanggal` date NOT NULL,
  `reported` varchar(25) COLLATE utf8_unicode_ci NOT NULL,
  `shift` int(1) NOT NULL,
  `machine_no` varchar(10) COLLATE utf8_unicode_ci NOT NULL,
  `project` varchar(10) COLLATE utf8_unicode_ci NOT NULL,
  `product_drawing` varchar(20) COLLATE utf8_unicode_ci NOT NULL,
  `lot_no` varchar(10) COLLATE utf8_unicode_ci NOT NULL,
  `total_product` int(10) NOT NULL,
  `defect_qty` int(10) NOT NULL,
  `abn_type` int(1) NOT NULL,
  `defect` varchar(100) COLLATE utf8_unicode_ci NOT NULL,
  `situation` varchar(100) COLLATE utf8_unicode_ci NOT NULL,
  `root` varchar(100) COLLATE utf8_unicode_ci NOT NULL,
  `temporary` varchar(100) COLLATE utf8_unicode_ci NOT NULL,
  `stop_time` time NOT NULL,
  `qty_sortir` int(10) NOT NULL,
  `qty_ok` int(10) NOT NULL,
  `qty_ng` int(10) NOT NULL,
  `working_hour` int(10) NOT NULL,
  `result` int(10) NOT NULL,
  `longterm` varchar(100) COLLATE utf8_unicode_ci NOT NULL,
  `improvement` varchar(20) COLLATE utf8_unicode_ci NOT NULL,
  `finish` date NOT NULL,
  `status` enum('Close','Open','','') COLLATE utf8_unicode_ci NOT NULL,
  `verified` varchar(20) COLLATE utf8_unicode_ci NOT NULL
) ENGINE=InnoDB DEFAULT CHARSET=utf8 COLLATE=utf8_unicode_ci;

--
-- Dumping data for table `transaksi`
--

INSERT INTO `transaksi` (`id`, `kode`, `tanggal`, `reported`, `shift`, `machine_no`, `project`, `product_drawing`, `lot_no`, `total_product`, `defect_qty`, `abn_type`, `defect`, `situation`, `root`, `temporary`, `stop_time`, `qty_sortir`, `qty_ok`, `qty_ng`, `working_hour`, `result`, `longterm`, `improvement`, `finish`, `status`, `verified`) VALUES
(1, '20210225-003', '2021-02-25', '0274', 2, '124', '18', '7171-6047', '20210223', 0, 0, 1, '\"2\"', 'Bubble dekat hole clip', 'Setting parameter mesin ', 'Diperbaiki oleh leader& dibuatkan limit sample', '00:00:00', 0, 0, 0, 0, 0, 'tes', '0096', '2021-07-23', 'Close', '0274'),
(2, '20210301-003', '2021-03-01', '0305', 3, '124', '18', '7171-6047', '20210302', 0, 0, 2, '\"2\"', 'Delaminasi area RIB CAV 1& 2', 'Reduce cooling time dari 45-40 sec', 'Diperbaiki oleh leader & hasil produksi di sortir', '00:00:00', 0, 0, 0, 0, 0, 'tes', '0205', '2021-07-23', 'Close', '0305'),
(3, '20210312-005', '2021-03-12', '0274', 3, '124', '18', '7171-6047', '20210312', 0, 0, 2, '\"11\"', 'Weldline area general', 'Parameter setting mesin', 'Diperbaiki oleh leader ', '00:00:00', 0, 0, 0, 0, 0, 'tes', '0145', '2021-07-23', 'Close', '0274'),
(4, '20210405-003', '2021-04-05', '0274', 1, '124', '18', '7171-6047', '20210405', 0, 0, 2, '\"8,11\"', 'Shortshoot area clip& weldline', 'parameter mesin ', 'Diperbaiki oleh leader', '00:00:00', 0, 0, 0, 0, 0, 'tes', '0363', '2021-07-23', 'Close', '0274'),
(5, '20210405-003', '2021-04-05', '0274', 1, '124', '18', '7171-6047', '20210405', 0, 0, 2, '\"8,11\"', 'Shortshoot area clip& weldline', 'parameter mesin ', 'Diperbaiki oleh leader', '00:00:00', 0, 0, 0, 0, 0, 'tes', '0363', '2021-07-23', 'Close', '0274'),
(6, '20210405-003', '2021-04-05', '0274', 1, '124', '18', '7171-6047', '20210405', 0, 0, 2, '\"8,11\"', 'Shortshoot area clip& weldline', 'parameter mesin ', 'Diperbaiki oleh leader', '00:00:00', 0, 0, 0, 0, 0, 'tes', '0363', '2021-07-23', 'Close', '0274'),
(7, '20210415-004', '2021-04-15', '0351', 1, '124', '18', '7171-6047', '20210414', 0, 0, 1, '\"5\"', 'Flashing area holder socket7 area general', 'Karat pada insert menyebabkan pergerakan slider terhambat', 'Trimming inline& di buatkan SPK', '00:00:00', 0, 0, 0, 0, 0, 'tes ', '0275', '2021-07-23', 'Close', '0351'),
(8, '20210519-003', '2021-05-19', '0231', 3, '124', '18', '7171-6047', '20210519', 2900, 0, 2, '\"10\"', 'Undercut cav 2 area Hole clamp ', 'Mold terlalu dingin', 'Setting temp ciller 12  ke 16', '00:00:00', 0, 0, 0, 0, 0, 'tes', '0275', '2021-07-23', 'Close', '0231'),
(9, '20210525-003', '2021-05-25', '0351', 3, '124', '18', '7171-6047', '20210525', 0, 0, 2, '\"4\"', 'Excessive area surface cav 2', 'Insert dented (Part nempel di core tidak bisa di eject)', 'Stop produksi, Repair mold', '00:00:00', 0, 0, 0, 0, 0, 'Pergantian insert dengan bahan bronze pada core, lakukan observasi pada proses pada bagian mana yang', '0346', '2021-07-23', 'Close', '0351'),
(10, '20210531-004', '2021-05-31', '0346', 2, '124', '18', '7171-6047', '20210531', 0, 0, 2, '\"6\"', 'Watermark (shortshoot) & dirty area ejector', 'Under analisa', 'Set down mold (diperbaiki oleh mold enginer)', '00:00:04', 0, 0, 0, 0, 0, 'tes', '0346', '2021-07-23', 'Close', '0351'),
(11, '20210604-005', '2021-06-04', '0231', 1, '124', '18', '7171-6047', '20210603', 0, 0, 2, '\"4\"', 'Excessive area ejector blade cav 2 ketika running auto', 'Ejector blade patah', 'Ganti ejector blade baru', '00:00:05', 0, 0, 0, 0, 0, 'tes', '0275', '2021-07-23', 'Close', '0231'),
(12, '20210604-006', '2021-06-04', '0351', 3, '124', '18', '7171-6047', '20210603', 0, 0, 2, '\"2\"', 'Part cav  1 nempel di core', 'proses pengisisan material terlalu lama sehingga part mengeras pada permukaan mold, ketika mold dibu', 'Turun mold , di perbaiki oleh mold enginer (hasil after repair apppearance part broken/insert deform', '00:00:00', 0, 0, 0, 0, 0, 'tes', '0346', '2021-07-23', 'Close', '0351');

-- --------------------------------------------------------

--
-- Table structure for table `user_admin`
--

CREATE TABLE `user_admin` (
  `userid` int(11) NOT NULL,
  `nama` varchar(150) COLLATE utf8_unicode_ci NOT NULL,
  `email` varchar(150) COLLATE utf8_unicode_ci NOT NULL,
  `password` text COLLATE utf8_unicode_ci NOT NULL,
  `last_login` datetime NOT NULL,
  `login_from` varchar(25) COLLATE utf8_unicode_ci NOT NULL,
  `level` varchar(1) COLLATE utf8_unicode_ci NOT NULL,
  `cookie` mediumtext COLLATE utf8_unicode_ci NOT NULL,
  `deskripsi` text COLLATE utf8_unicode_ci DEFAULT NULL
) ENGINE=InnoDB DEFAULT CHARSET=utf8 COLLATE=utf8_unicode_ci;

--
-- Dumping data for table `user_admin`
--

INSERT INTO `user_admin` (`userid`, `nama`, `email`, `password`, `last_login`, `login_from`, `level`, `cookie`, `deskripsi`) VALUES
(1, 'Ardy Priyo Sudiyantoko', 'priyo.ardy@schlemmer.co.id', '$2y$10$Xot5bM4acinAW9RkHOPf/.JLNSz/7caI8BVYR6ncUepz2Ie6iESAe', '2021-07-31 08:26:26', '::1', '0', '', NULL),
(2, 'Rahmat Hidayat', 'real.rahmathidayat@gmail.com', '$2y$10$x.4mN3hWr4A4yddt3xQNsOxsIfogT4IJEx.pEqoAIWDBTtpyRuP/S', '2021-07-23 08:12:32', '::1', '0', '', 'Administrator');

--
-- Indexes for dumped tables
--

--
-- Indexes for table `abnormality_type`
--
ALTER TABLE `abnormality_type`
  ADD PRIMARY KEY (`id`);

--
-- Indexes for table `defect_list`
--
ALTER TABLE `defect_list`
  ADD PRIMARY KEY (`id`,`kode_defect`);

--
-- Indexes for table `karyawan`
--
ALTER TABLE `karyawan`
  ADD PRIMARY KEY (`id`,`NIK`);

--
-- Indexes for table `material`
--
ALTER TABLE `material`
  ADD PRIMARY KEY (`id`,`kode_material`);

--
-- Indexes for table `mesin`
--
ALTER TABLE `mesin`
  ADD PRIMARY KEY (`id`,`no_mesin`);

--
-- Indexes for table `project`
--
ALTER TABLE `project`
  ADD PRIMARY KEY (`id`,`kode_project`);

--
-- Indexes for table `satuan`
--
ALTER TABLE `satuan`
  ADD PRIMARY KEY (`id`,`kode_satuan`);

--
-- Indexes for table `transaksi`
--
ALTER TABLE `transaksi`
  ADD PRIMARY KEY (`id`,`kode`);

--
-- Indexes for table `user_admin`
--
ALTER TABLE `user_admin`
  ADD PRIMARY KEY (`userid`,`email`);

--
-- AUTO_INCREMENT for dumped tables
--

--
-- AUTO_INCREMENT for table `abnormality_type`
--
ALTER TABLE `abnormality_type`
  MODIFY `id` int(11) NOT NULL AUTO_INCREMENT, AUTO_INCREMENT=3;

--
-- AUTO_INCREMENT for table `defect_list`
--
ALTER TABLE `defect_list`
  MODIFY `id` int(11) NOT NULL AUTO_INCREMENT, AUTO_INCREMENT=12;

--
-- AUTO_INCREMENT for table `karyawan`
--
ALTER TABLE `karyawan`
  MODIFY `id` int(11) NOT NULL AUTO_INCREMENT, AUTO_INCREMENT=308;

--
-- AUTO_INCREMENT for table `material`
--
ALTER TABLE `material`
  MODIFY `id` int(11) NOT NULL AUTO_INCREMENT, AUTO_INCREMENT=264;

--
-- AUTO_INCREMENT for table `mesin`
--
ALTER TABLE `mesin`
  MODIFY `id` int(11) NOT NULL AUTO_INCREMENT, AUTO_INCREMENT=135;

--
-- AUTO_INCREMENT for table `project`
--
ALTER TABLE `project`
  MODIFY `id` int(11) NOT NULL AUTO_INCREMENT, AUTO_INCREMENT=21;

--
-- AUTO_INCREMENT for table `satuan`
--
ALTER TABLE `satuan`
  MODIFY `id` int(11) NOT NULL AUTO_INCREMENT, AUTO_INCREMENT=2;

--
-- AUTO_INCREMENT for table `transaksi`
--
ALTER TABLE `transaksi`
  MODIFY `id` int(11) NOT NULL AUTO_INCREMENT, AUTO_INCREMENT=13;

--
-- AUTO_INCREMENT for table `user_admin`
--
ALTER TABLE `user_admin`
  MODIFY `userid` int(11) NOT NULL AUTO_INCREMENT, AUTO_INCREMENT=3;
COMMIT;

/*!40101 SET CHARACTER_SET_CLIENT=@OLD_CHARACTER_SET_CLIENT */;
/*!40101 SET CHARACTER_SET_RESULTS=@OLD_CHARACTER_SET_RESULTS */;
/*!40101 SET COLLATION_CONNECTION=@OLD_COLLATION_CONNECTION */;
